<?xml version="1.0" encoding="utf-8"?>
<VugenScriptMetadata>
  <ScriptName>00</ScriptName>
  <Protocol>Web - HTTP/HTML</Protocol>
  <ActionFiles>
    <FileEntry Name="vuser_init.c" Filter="2" />
    <FileEntry Name="Action.c" Filter="2" />
    <FileEntry Name="vuser_end.c" Filter="2" />
  </ActionFiles>
  <GeneralFiles>
    <FileEntry Name="00.usr" Filter="4" />
    <FileEntry Name="default.cfg" Filter="4" />
    <FileEntry Name="default.usp" Filter="4" />
    <FileEntry Name="00.prm" Filter="2" />
    <FileEntry Name="globals.h" Filter="2" />
    <FileEntry Name="comid.dat" Filter="2" />
    <FileEntry Name="email.dat" Filter="2" />
    <FileEntry Name="articlecontent.dat" Filter="2" />
    <FileEntry Name="password.dat" Filter="2" />
    <FileEntry Name="pw.dat" Filter="2" />
    <FileEntry Name="account.dat" Filter="2" />
    <FileEntry Name="ScriptUploadMetadata.xml" Filter="2" />
    <FileEntry Name="Bookmarks.xml" Filter="2" />
    <FileEntry Name="Breakpoints.xml" Filter="2" />
    <FileEntry Name="CompilerLogMetadata.xml" Filter="2" />
    <FileEntry Name="ReplaySummaryReport.xml" Filter="2" />
    <FileEntry Name="UserTasks.xml" Filter="2" />
    <FileEntry Name="username.dat" Filter="2" />
    <FileEntry Name="combined_00.c" Filter="2" />
    <FileEntry Name="pre_cci.c" Filter="2" />
    <FileEntry Name="00.c.pickle" Filter="1" />
    <FileEntry Name="00.ci" Filter="1" />
    <FileEntry Name="00.prm.bak" Filter="1" />
    <FileEntry Name="00.sdf" Filter="1" />
    <FileEntry Name="10998019244.idx" Filter="1" />
    <FileEntry Name="11389593244.idx" Filter="1" />
    <FileEntry Name="11716391844.idx" Filter="1" />
    <FileEntry Name="1264730044.idx" Filter="1" />
    <FileEntry Name="12670200644.idx" Filter="1" />
    <FileEntry Name="18090450444.idx" Filter="1" />
    <FileEntry Name="18618620844.idx" Filter="1" />
    <FileEntry Name="19568980844.idx" Filter="1" />
    <FileEntry Name="1963028544.idx" Filter="1" />
    <FileEntry Name="19942927944.idx" Filter="1" />
    <FileEntry Name="22889297944.idx" Filter="1" />
    <FileEntry Name="23428432744.idx" Filter="1" />
    <FileEntry Name="23539718844.idx" Filter="1" />
    <FileEntry Name="24096018244.idx" Filter="1" />
    <FileEntry Name="24152070344.idx" Filter="1" />
    <FileEntry Name="24933169344.idx" Filter="1" />
    <FileEntry Name="25287408344.idx" Filter="1" />
    <FileEntry Name="252874083440.idx" Filter="1" />
    <FileEntry Name="475650944.idx" Filter="1" />
    <FileEntry Name="4834636544.idx" Filter="1" />
    <FileEntry Name="4911745744.idx" Filter="1" />
    <FileEntry Name="75841344.idx" Filter="1" />
    <FileEntry Name="758413440.idx" Filter="1" />
    <FileEntry Name="75841344_0Bd.763.idx" Filter="1" />
    <FileEntry Name="75841344_6fk.461.idx" Filter="1" />
    <FileEntry Name="75841344_9ti.631.idx" Filter="1" />
    <FileEntry Name="75841344_ArI.295.idx" Filter="1" />
    <FileEntry Name="75841344_aZI.493.idx" Filter="1" />
    <FileEntry Name="75841344_b7C.461.idx" Filter="1" />
    <FileEntry Name="75841344_bpz.673.idx" Filter="1" />
    <FileEntry Name="75841344_Bzr.109.idx" Filter="1" />
    <FileEntry Name="75841344_fqW.841.idx" Filter="1" />
    <FileEntry Name="75841344_I5L.953.idx" Filter="1" />
    <FileEntry Name="75841344_JTT.19.idx" Filter="1" />
    <FileEntry Name="75841344_jYq.753.idx" Filter="1" />
    <FileEntry Name="75841344_kl4.377.idx" Filter="1" />
    <FileEntry Name="75841344_o1R.535.idx" Filter="1" />
    <FileEntry Name="75841344_OPH.997.idx" Filter="1" />
    <FileEntry Name="75841344_oSh.349.idx" Filter="1" />
    <FileEntry Name="75841344_p8A.725.idx" Filter="1" />
    <FileEntry Name="75841344_pQb.841.idx" Filter="1" />
    <FileEntry Name="75841344_q9q.477.idx" Filter="1" />
    <FileEntry Name="75841344_u7A.363.idx" Filter="1" />
    <FileEntry Name="75841344_UIO.741.idx" Filter="1" />
    <FileEntry Name="75841344_VZg.941.idx" Filter="1" />
    <FileEntry Name="75841344_xbD.283.idx" Filter="1" />
    <FileEntry Name="75841344_z9p.615.idx" Filter="1" />
    <FileEntry Name="7651743344.idx" Filter="1" />
    <FileEntry Name="8074057644.idx" Filter="1" />
    <FileEntry Name="8446495644.idx" Filter="1" />
    <FileEntry Name="84464956440.idx" Filter="1" />
    <FileEntry Name="8824524144.idx" Filter="1" />
    <FileEntry Name="9408040944.idx" Filter="1" />
    <FileEntry Name="custom_body_variables.txt" Filter="1" />
    <FileEntry Name="data.zip" Filter="1" />
    <FileEntry Name="logfile.log" Filter="1" />
    <FileEntry Name="lrw_custom_body.h" Filter="1" />
    <FileEntry Name="mdrv.log" Filter="1" />
    <FileEntry Name="mdrv6DI.463.log" Filter="1" />
    <FileEntry Name="mdrvCXo.753.log" Filter="1" />
    <FileEntry Name="mdrvDcA.365.log" Filter="1" />
    <FileEntry Name="mdrvGNU.577.log" Filter="1" />
    <FileEntry Name="mdrviat.773.log" Filter="1" />
    <FileEntry Name="mdrviXq.483.log" Filter="1" />
    <FileEntry Name="mdrvTeo.823.log" Filter="1" />
    <FileEntry Name="mdrvwZG.55.log" Filter="1" />
    <FileEntry Name="mdrv_cmd.txt" Filter="1" />
    <FileEntry Name="options.txt" Filter="1" />
    <FileEntry Name="output.bak" Filter="1" />
    <FileEntry Name="output.txt" Filter="1" />
    <FileEntry Name="OutputColoringDatabase.json" Filter="1" />
    <FileEntry Name="ThumbnailsCache.tmp" Filter="1" />
    <FileEntry Name="TransactionsData.db" Filter="1" />
    <FileEntry Name="参加社区活动时却让他有些.dat" Filter="1" />
    <FileEntry Name="analy\" Filter="1" />
    <FileEntry Name="data\" Filter="1" />
    <FileEntry Name="res\" Filter="1" />
    <FileEntry Name="result1\" Filter="1" />
  </GeneralFiles>
</VugenScriptMetadata>