{"status":true,"code":200,"result":[{"compid":"1","compname":"耕云科技","ctype":null,"clogo":"https://pcctest.oss-cn-hangzhou.aliyuncs.com/company-admin-4j/aPrxI6WMCojLIh45ztYRMw==.jpg","address":null,"createdata":null,"updatedata":null,"level":1,"startdata":null,"enddata":null,"isever":null,"easemobGroupid":"64661272723457"},{"compid":"e5744b7a-6d6f-4912-90ae-de4e2cb4d665","compname":"一级子公司","ctype":null,"clogo":"https://pcccompany.oss-cn-hangzhou.aliyuncs.com/Company_Admin/1/e6022053-2569-493b-992a-8c733ea67357jpg","address":null,"createdata":null,"updatedata":null,"level":0,"startdata":null,"enddata":null,"isever":null,"easemobGroupid":"66921270673411"}],"msg":null}