{"status":true,"code":200,"result":[{"id":"098ea4a9-c6df-45d4-9265-c20c105b6e4d","content":"贵州省山地旅游装备招商引资推介会走进米兰","reportTopicTime":"04-08 16:12","reportTopicUser":"石传慧","executive":"石传慧、鲍鑫、陈昌鸿","status":"待处理","pcUrl":"https://uppagerweb.t.dacube.cn/#/all?id=098ea4a9-c6df-45d4-9265-c20c105b6e4d&progress=0&type=pc&token=b722ff2d-dfff-4aa5-8361-51af7c3ee5bc"},{"id":"13392f30-bf35-4a53-8cc0-00ffed980295","content":"贵阳深耕“钻石矿” 政府数据“活起来”","reportTopicTime":"04-08 11:53","reportTopicUser":"鲍鑫","executive":"石传慧、鲍鑫","status":"进行中","pcUrl":"https://uppagerweb.t.dacube.cn/#/all?id=13392f30-bf35-4a53-8cc0-00ffed980295&progress=1&type=pc&token=b722ff2d-dfff-4aa5-8361-51af7c3ee5bc"},{"id":"12bf8285-cf0d-45c9-8050-597081752a7c","content":"黔南一名男子使用假证妄图蒙混过关，结果“凉凉”了","reportTopicTime":"04-04 15:26","reportTopicUser":"罗东","executive":"罗东、陈昌鸿","status":"已作废","pcUrl":"https://uppagerweb.t.dacube.cn/#/archived?id=12bf8285-cf0d-45c9-8050-597081752a7c&progress=9&type=pc&token=b722ff2d-dfff-4aa5-8361-51af7c3ee5bc"},{"id":"cbe4789e-9c88-479f-9711-26bb0318072b","content":"你拍一我拍一，我们一起去7","reportTopicTime":"04-04 15:25","reportTopicUser":"鲍鑫","executive":"陈昌鸿、鲍鑫","status":"待处理","pcUrl":"https://uppagerweb.t.dacube.cn/#/all?id=cbe4789e-9c88-479f-9711-26bb0318072b&progress=0&type=pc&token=b722ff2d-dfff-4aa5-8361-51af7c3ee5bc"},{"id":"7b24795c-bf26-453a-bee8-248898384f21","content":"你拍一我拍一，我们一起去7","reportTopicTime":"04-04 15:22","reportTopicUser":"冯孟娇","executive":"冯孟娇","status":"已作废","pcUrl":"https://uppagerweb.t.dacube.cn/#/archived?id=7b24795c-bf26-453a-bee8-248898384f21&progress=9&type=pc&token=b722ff2d-dfff-4aa5-8361-51af7c3ee5bc"},{"id":"05b8350f-cfe9-4c1d-a801-0e7548e37b14","content":"你拍一我拍一，我们一起去7","reportTopicTime":"04-04 15:16","reportTopicUser":"罗东","executive":"罗东、陈昌鸿、冯孟娇","status":"已作废","pcUrl":"https://uppagerweb.t.dacube.cn/#/archived?id=05b8350f-cfe9-4c1d-a801-0e7548e37b14&progress=9&type=pc&token=b722ff2d-dfff-4aa5-8361-51af7c3ee5bc"},{"id":"41a3c2e3-fcf4-42dd-9a79-868a6bbbf033","content":"这种疾病死亡率极高！黔南州中医医院医师教你如何预防","reportTopicTime":"04-04 14:39","reportTopicUser":"陈昌鸿","executive":"罗东","status":"已作废","pcUrl":"https://uppagerweb.t.dacube.cn/#/archived?id=41a3c2e3-fcf4-42dd-9a79-868a6bbbf033&progress=9&type=pc&token=b722ff2d-dfff-4aa5-8361-51af7c3ee5bc"},{"id":"816a621f-9cbd-454c-98e8-d1856ec273ab","content":"【私车公养、违规收受礼金…】黔南一批干部被实名处分！","reportTopicTime":"04-04 14:26","reportTopicUser":"陈昌鸿","executive":"陈昌鸿、冯孟娇","status":"已完成","pcUrl":"https://uppagerweb.t.dacube.cn/#/all?id=816a621f-9cbd-454c-98e8-d1856ec273ab&progress=3&type=pc&token=b722ff2d-dfff-4aa5-8361-51af7c3ee5bc"},{"id":"cad8952e-4b1a-41e7-9f81-cd4e384545ba","content":"石家庄成立调查组对“削山造地”建别墅问题展开调查","reportTopicTime":"04-04 14:12","reportTopicUser":"陈昌鸿","executive":"罗东、陈昌鸿","status":"进行中","pcUrl":"https://uppagerweb.t.dacube.cn/#/all?id=cad8952e-4b1a-41e7-9f81-cd4e384545ba&progress=1&type=pc&token=b722ff2d-dfff-4aa5-8361-51af7c3ee5bc"},{"id":"7678bfe7-3764-4ace-b500-0edca7a21f12","content":"《“徒儿” 休得无礼》","reportTopicTime":"04-04 11:57","reportTopicUser":"鲍鑫","executive":"鲍鑫、冯孟娇","status":"进行中","pcUrl":"https://uppagerweb.t.dacube.cn/#/all?id=7678bfe7-3764-4ace-b500-0edca7a21f12&progress=1&type=pc&token=b722ff2d-dfff-4aa5-8361-51af7c3ee5bc"}],"mesg":null}