{"status":true,"code":200,"result":[{"apptype":"全媒体矩阵","appInfos":[{"id":"2f9b413c-706d-494e-80f6-2bcfeceec3f3","appname":"微站内容管理","pcico":"","appico":"","appurl":"https://min-site-admin.t.dacube.cn","pcurl":"https://min-site-admin.t.dacube.cn","apptype":"全媒体矩阵","addtime":false,"usable":null,"describe":"微站内容管理","logo":null,"fdomain":null,"newwindow":false},{"id":"593fced5-7e03-4e28-a1ed-c435e6a5e237","appname":"指令系统","pcico":"","appico":"","appurl":"https://pcc-instruct.t.dacube.cn","pcurl":"https://pcc-instruct.t.dacube.cn","apptype":"全媒体矩阵","addtime":false,"usable":null,"describe":"指令系统","logo":null,"fdomain":null,"newwindow":false},{"id":"1017","appname":"微网站","pcico":"https://oss.dacube.cn/mesg-admin/95fb6799-99ae-42d0-9618-3f18eaea48c9/10.png","appico":"https://oss.dacube.cn/mesg-admin/95fb6799-99ae-42d0-9618-3f18eaea48c9/10.png","appurl":"http://www.baidu.com/","pcurl":"http://www.baidu.com/","apptype":"全媒体矩阵","addtime":false,"usable":null,"describe":"微网站","logo":null,"fdomain":null,"newwindow":false},{"id":"1001","appname":"微信运营","pcico":"https://center.dacube.cn/oss/null/c0ebf204-b5df-454d-beeb-a0d7587e0a02/pc.jpg","appico":"https://center.dacube.cn/oss/null/6ecaf36f-e316-4de6-8c6c-0f690a8f2fd3/app.jpg","appurl":"https://wx-app.t.dacube.cn","pcurl":"https://wx-web.t.dacube.cn/#/info","apptype":"全媒体矩阵","addtime":false,"usable":null,"describe":"微信运营","logo":null,"fdomain":null,"newwindow":false},{"id":"34622f89-126c-4dd4-860f-95197ebfa3cf","appname":"网民爆料","pcico":"https://pcctest.oss-cn-hangzhou.aliyuncs.com/1/adfb5edc-6f40-4a5f-8a9d-8252b55399bc/4.png","appico":"https://pcctest.oss-cn-hangzhou.aliyuncs.com/1/659e6ac7-3274-4154-ba8b-3c4c1bdef800/4.png","appurl":"http://cluemanagement.t.dacube.cn/#/","pcurl":"http://cluemanagement.t.dacube.cn/#/","apptype":"全媒体矩阵","addtime":false,"usable":null,"describe":"网民爆料","logo":null,"fdomain":null,"newwindow":false},{"id":"7f0404f4-6b23-4c96-aed1-14545135df9f","appname":"微网站设计","pcico":"https://pcctest.oss-cn-hangzhou.aliyuncs.com/1/e16cbb8e-8f5f-47a1-88af-1b0578b8a1ee/2 (1).jpg","appico":"https://pcctest.oss-cn-hangzhou.aliyuncs.com/1/e16cbb8e-8f5f-47a1-88af-1b0578b8a1ee/2 (1).jpg","appurl":"http://micro-site.t.dacube.cn/#!/PR-all","pcurl":"http://micro-site.t.dacube.cn/#!/PR-all","apptype":"全媒体矩阵","addtime":false,"usable":null,"describe":"微网站设计","logo":null,"fdomain":null,"newwindow":false}]},{"apptype":"数智中央厨房","appInfos":[{"id":"1011","appname":"网民报料","pcico":"https://oss.dacube.cn/mesg-admin/6984570f-e9c1-46cb-a85e-17e839ad0d81/4.png","appico":"https://oss.dacube.cn/mesg-admin/6984570f-e9c1-46cb-a85e-17e839ad0d81/4.png","appurl":"http://www.baidu.com/","pcurl":"http://www.baidu.com/","apptype":"数智中央厨房","addtime":false,"usable":null,"describe":"网民爆料","logo":null,"fdomain":null,"newwindow":false},{"id":"1003","appname":"记者调度","pcico":"https://oss.dacube.cn/mesg-admin/933ff374-95f0-4b1f-86a0-4e4f33bc08b2/reporterpc.png","appico":"https://oss.dacube.cn/mesg-admin/0a73d8c4-5b11-4c06-a8e9-fd05ba2d8125/reporterapp.png","appurl":"https://m-reporter.t.dacube.cn","pcurl":"https://reporter.t.dacube.cn","apptype":"数智中央厨房","addtime":false,"usable":null,"describe":"记者调度","logo":"","fdomain":"","newwindow":true},{"id":"1004","appname":"新闻选题","pcico":"https://oss.dacube.cn/mesg-admin/d4c4c6ff-809c-4845-af7a-d848d1aba551/2.png","appico":"https://oss.dacube.cn/mesg-admin/d4c4c6ff-809c-4845-af7a-d848d1aba551/2.png","appurl":"https://uppaper.t.dacube.cn/#/peding","pcurl":"https://uppagerweb.t.dacube.cn/#/all","apptype":"数智中央厨房","addtime":false,"usable":null,"describe":"新闻选题","logo":null,"fdomain":null,"newwindow":false},{"id":"1002","appname":"全媒体资源库","pcico":"https://oss.dacube.cn/mesg-admin/883cfdf2-b24c-409b-8276-086f161fce61/1.png","appico":"https://oss.dacube.cn/mesg-admin/fa0160b6-3d0c-4c33-8379-3134b2bfe875/1 (1).png","appurl":"https://m-mrp.t.dacube.cn/","pcurl":"https://mrp.t.dacube.cn/","apptype":"数智中央厨房","addtime":false,"usable":null,"describe":"全媒体资源库","logo":"","fdomain":"","newwindow":false},{"id":"5aeb2038-0a06-42bd-a16f-d81093ca94f6","appname":"新闻选题后台管理","pcico":"https://pcccompany.oss-cn-hangzhou.aliyuncs.com/Company_Admin/1/e7ab1fde-38a9-4cb4-889f-6895ba495cd4png","appico":"","appurl":"https://up-pager-manage.t.dacube.cn/#/archived","pcurl":"https://up-pager-manage.t.dacube.cn/#/archived","apptype":"数智中央厨房","addtime":null,"usable":null,"describe":"新闻选题后台管理","logo":null,"fdomain":null,"newwindow":false}]},{"apptype":"舆情中心","appInfos":[{"id":"6432f69d-42df-4180-8b5d-6e58337d6c16","appname":"telecommute","pcico":"","appico":"","appurl":"https://commenters-aply-app.t.dacube.cn","pcurl":"https://commenters-aply-web.t.dacube.cn","apptype":"舆情中心","addtime":false,"usable":null,"describe":"telecommute","logo":null,"fdomain":null,"newwindow":false}]},{"apptype":"测试应用类型","appInfos":[{"id":"d15dd6b7-8e50-4fd8-b8fe-03c99f1bf918","appname":"观天下","pcico":"https://pcccompany.oss-cn-hangzhou.aliyuncs.com/Company_Admin/1/ee14b1cb-6f0a-4544-aa0d-700c2f9feed3png","appico":"","appurl":"http://gtx-admin.t.dacube.cn/#/home","pcurl":"http://gtx-admin.t.dacube.cn/#/home","apptype":"测试应用类型","addtime":false,"usable":null,"describe":"观天下","logo":null,"fdomain":null,"newwindow":false}]}],"msg":null}