{"status":true,"code":200,"result":[{"modlename":"公众号报表","modleImg":null,"from_user":"appadmin","headimg":null,"summary":null,"username":null,"usercode":null,"groupid":"","groupname":null,"pccUserInfos":null,"isorg":false,"istop":null,"owner":"","no_disturb":false,"type":"app","mesg_type":"txt","unread":11,"payload":"{\"msg\":\"{\\\"action\\\":\\\"查看详情\\\",\\\"appname\\\":\\\"公众号报表\\\",\\\"appurl\\\":\\\"https://g.t.dacube.cn/WX-SERVICE/ObjWeixinReport/redirect?type=all\\\",\\\"content\\\":\\\"微信公众号运营报表已更新，请查看 2019-04-10 10:00\\\",\\\"contentType\\\":\\\"跳转\\\",\\\"logo\\\":\\\"https://oss.dacube.cn/mesg-admin/0019f949-8567-4610-a9f0-7d536b853601/15.png\\\",\\\"pcurl\\\":\\\"https://g.t.dacube.cn/WX-SERVICE/ObjWeixinReport/redirect?type=all\\\"}\",\"type\":\"app\"}","isclose":null,"timestamp":"1554861573331","easemobname":null,"targetuser":"appadmin","usereasemobname":"115201811061611139ftrmgurx","deletetime":null,"compid":null},{"modlename":"全媒体资源库","modleImg":null,"from_user":"appadmin","headimg":null,"summary":null,"username":null,"usercode":null,"groupid":"","groupname":null,"pccUserInfos":null,"isorg":false,"istop":null,"owner":"","no_disturb":false,"type":"app","mesg_type":"txt","unread":41,"payload":"{\"msg\":\"{\\\"action\\\":\\\"查看详情\\\",\\\"appname\\\":\\\"全媒体资源库\\\",\\\"appurl\\\":\\\"http://m-mrp.t.dacube.cn/?id_org=1&id_repo=39bc5190-cc15-4741-b198-694e8605ca02&id_folder=0fd6fa30-a86f-49e8-a38e-092b9787894e&folder_level=0&folder_name=%E6%95%99%E8%82%B2&id_parent_folder=\\\",\\\"content\\\":\\\"【耕云科技】稿件库 【审核库/教育】 有新提交的稿件 《首届女子名人战决赛大幕将启 陈一鸣、王爽决战阆中古城》 快去看看吧！2019-04-03 23:28\\\",\\\"contentType\\\":\\\"跳转\\\",\\\"logo\\\":\\\"https://oss.dacube.cn/mesg-admin/883cfdf2-b24c-409b-8276-086f161fce61/1.png\\\",\\\"pcurl\\\":\\\"http://mrp.t.dacube.cn/#/?id_org=1&id_repo=39bc5190-cc15-4741-b198-694e8605ca02&id_folder=0fd6fa30-a86f-49e8-a38e-092b9787894e&folder_level=0&folder_name=%E6%95%99%E8%82%B2&id_parent_folder=\\\"}\",\"type\":\"app\"}","isclose":null,"timestamp":"1554305306018","easemobname":null,"targetuser":"appadmin","usereasemobname":"115201811061611139ftrmgurx","deletetime":null,"compid":null},{"modlename":"个人信息","modleImg":"https://oss.dacube.cn/mesg-admin/a54dc087-362b-476b-9087-53713412f4f2/1.jpg","from_user":"115201811061611139ftrmgurx","headimg":"https://oss.dacube.cn/mesg-admin/a54dc087-362b-476b-9087-53713412f4f2/1.jpg","summary":"耕云科技-研发部门-测试部门","username":"章红梅","usercode":"62725d3f-9f2c-442c-af42-f07193a8bdcf","groupid":"","groupname":null,"pccUserInfos":null,"isorg":false,"istop":null,"owner":"","no_disturb":false,"type":"person","mesg_type":"txt","unread":0,"payload":"{\"msg\":\"122\",\"type\":\"txt\"}","isclose":null,"timestamp":"1553226099652","easemobname":null,"targetuser":"515201811011711111hvznkihy","usereasemobname":"115201811061611139ftrmgurx","deletetime":null,"compid":null},{"modlename":"新闻选题","modleImg":null,"from_user":"appadmin","headimg":null,"summary":null,"username":null,"usercode":null,"groupid":"","groupname":null,"pccUserInfos":null,"isorg":false,"istop":null,"owner":"","no_disturb":false,"type":"app","mesg_type":"txt","unread":3,"payload":"{\"msg\":\"{\\\"action\\\":\\\"查看详情\\\",\\\"appname\\\":\\\"新闻选题\\\",\\\"appurl\\\":\\\"https://uppaper.t.dacube.cn/#/topicDetail?id=e2146e00-9942-4fa6-8bfe-714981de5fd0&progress=3&type=app&compid=1\\\",\\\"content\\\":\\\"【耕云科技】 新闻选题“天津副市长赵海山”已完成！ 2019-03-21 16:33\\\",\\\"contentType\\\":\\\"跳转\\\",\\\"logo\\\":\\\"https://oss.dacube.cn/mesg-admin/d4c4c6ff-809c-4845-af7a-d848d1aba551/2.png\\\",\\\"pcurl\\\":\\\"https://uppagerweb.t.dacube.cn/#/all?id=e2146e00-9942-4fa6-8bfe-714981de5fd0&progress=3&type=pc&compid=1\\\"}\",\"type\":\"app\"}","isclose":null,"timestamp":"1553157191631","easemobname":null,"targetuser":"appadmin","usereasemobname":"115201811061611139ftrmgurx","deletetime":null,"compid":null},{"modlename":"系统消息","modleImg":null,"from_user":"systemadmin","headimg":null,"summary":null,"username":null,"usercode":null,"groupid":"","groupname":null,"pccUserInfos":null,"isorg":false,"istop":null,"owner":"","no_disturb":false,"type":"system","mesg_type":"txt","unread":0,"payload":"{\"msg\":\"{\\\"content\\\":\\\"此群魏松1,冯孟娇,鲍鑫,陈昌鸿,罗东 等已被解散\\\"}\",\"type\":\"system\"}","isclose":null,"timestamp":"1551851435925","easemobname":null,"targetuser":"systemadmin","usereasemobname":"115201811061611139ftrmgurx","deletetime":null,"compid":null},{"modlename":"群消息","modleImg":"群消息","from_user":"","headimg":null,"summary":null,"username":null,"usercode":null,"groupid":"64661275869187","groupname":"耕云科技.测试部门","pccUserInfos":[{"compname":null,"headimg":"https://oss.dacube.cn/mesg-admin/fb3d2cdd-5720-46dd-8f2b-bea4777663d4/timg-5.jpeg","phone":null,"username":"罗东","usercode":"64121462-f785-4f51-ad8d-f8c41e2ffb62","email":null,"fabname":null,"easemobname":"185201811011711121ufuqxyne","fabid":null,"level":null,"compid":null,"portal":null},{"compname":null,"headimg":null,"phone":null,"username":"冯孟娇","usercode":"3cc28e55-b34b-458c-b77b-a4ee38cc5033","email":null,"fabname":null,"easemobname":"005fbab5d2db70b09fde8e7a9e370a44","fabid":null,"level":null,"compid":null,"portal":null},{"compname":null,"headimg":"https://oss.dacube.cn/mesg-admin/34e0a7e9-4e3a-4afc-9c93-75b24cd55660/u=3695931498,2381510501&fm=26&gp=0.jpg","phone":null,"username":"章红梅2","usercode":"e729e146-f249-42e1-960d-5c1f3f60bc9a","email":null,"fabname":null,"easemobname":"115201811061611139ftrmgurx","fabid":null,"level":null,"compid":null,"portal":null},{"compname":null,"headimg":"https://oss.dacube.cn/mesg-admin/6ee0affa-666e-42d4-9bcd-e4bcd98a31b4/timg (1).gif","phone":null,"username":"石传慧","usercode":"1000111","email":null,"fabname":null,"easemobname":"413201811011711111fhwjhblc","fabid":null,"level":null,"compid":null,"portal":null},{"compname":null,"headimg":null,"phone":null,"username":"test","usercode":"2fe178bd-c1b4-4d65-8b4e-fe4327777fd9","email":null,"fabname":null,"easemobname":"512201811011711111sncocqxg","fabid":null,"level":null,"compid":null,"portal":null},{"compname":null,"headimg":"https://oss.dacube.cn/mesg-admin/a54dc087-362b-476b-9087-53713412f4f2/1.jpg","phone":null,"username":"章红梅","usercode":"62725d3f-9f2c-442c-af42-f07193a8bdcf","email":null,"fabname":null,"easemobname":"515201811011711111hvznkihy","fabid":null,"level":null,"compid":null,"portal":null},{"compname":null,"headimg":"https://oss.dacube.cn/mesg-admin/4a54aeb5-19eb-4a73-a79f-f917b44b4773/20140318161849_iAQiX.thumb.700_0.jpeg","phone":null,"username":"李明","usercode":"fe92ba44-cce6-48db-a578-4b21cd422768","email":null,"fabname":null,"easemobname":"785201811061611194wqiyryee","fabid":null,"level":null,"compid":null,"portal":null},{"compname":null,"headimg":"https://pcctest.oss-cn-hangzhou.aliyuncs.com/1/fe3d2703-4df0-444d-b035-0e56f9101c32/2019-01-31-17:24:45","phone":null,"username":"鲍鑫","usercode":"a7aac738-6b66-490f-a989-6c83216ada9c","email":null,"fabname":null,"easemobname":"886201811011711121rvrbuuhx","fabid":null,"level":null,"compid":null,"portal":null},{"compname":null,"headimg":null,"phone":null,"username":"陈昌鸿","usercode":"6e1c3d1a-db6c-46aa-a41d-4785c898352a","email":null,"fabname":null,"easemobname":"b25d980281b91559f84dc03e7688ecef","fabid":null,"level":null,"compid":null,"portal":null}],"isorg":true,"istop":false,"owner":"185201811011711121ufuqxyne","no_disturb":false,"type":"group","mesg_type":"txt","unread":0,"payload":"{\"msg\":\"冯孟娇,章红梅2,罗东,石传慧,test,章红梅,李明,鲍鑫,陈昌鸿 进入了群聊\",\"type\":\"txt\"}","isclose":null,"timestamp":"1553519983570","easemobname":null,"targetuser":"64661275869187","usereasemobname":"115201811061611139ftrmgurx","deletetime":null,"compid":null},{"modlename":"群消息","modleImg":"群消息","from_user":"","headimg":null,"summary":null,"username":null,"usercode":null,"groupid":"66923914133505","groupname":"一级子公司.二级部门","pccUserInfos":[{"compname":null,"headimg":"https://oss.dacube.cn/mesg-admin/34e0a7e9-4e3a-4afc-9c93-75b24cd55660/u=3695931498,2381510501&fm=26&gp=0.jpg","phone":null,"username":"章红梅2","usercode":"e729e146-f249-42e1-960d-5c1f3f60bc9a","email":null,"fabname":null,"easemobname":"115201811061611139ftrmgurx","fabid":null,"level":null,"compid":null,"portal":null},{"compname":null,"headimg":"https://oss.dacube.cn/mesg-admin/6ee0affa-666e-42d4-9bcd-e4bcd98a31b4/timg (1).gif","phone":null,"username":"石传慧","usercode":"1000111","email":null,"fabname":null,"easemobname":"413201811011711111fhwjhblc","fabid":null,"level":null,"compid":null,"portal":null},{"compname":null,"headimg":"https://pcctest.oss-cn-hangzhou.aliyuncs.com/1/fe3d2703-4df0-444d-b035-0e56f9101c32/2019-01-31-17:24:45","phone":null,"username":"鲍鑫","usercode":"a7aac738-6b66-490f-a989-6c83216ada9c","email":null,"fabname":null,"easemobname":"886201811011711121rvrbuuhx","fabid":null,"level":null,"compid":null,"portal":null}],"isorg":true,"istop":false,"owner":"115201811061611139ftrmgurx","no_disturb":false,"type":"group","mesg_type":"txt","unread":0,"payload":"{\"msg\":\"章红梅2,石传慧,鲍鑫 进入了群聊\",\"type\":\"txt\"}","isclose":null,"timestamp":"1553171340587","easemobname":null,"targetuser":"66923914133505","usereasemobname":"115201811061611139ftrmgurx","deletetime":null,"compid":null},{"modlename":"群消息","modleImg":"群消息","from_user":"","headimg":null,"summary":null,"username":null,"usercode":null,"groupid":"66921270673411","groupname":"一级子公司.一级子公司","pccUserInfos":[{"compname":null,"headimg":"https://oss.dacube.cn/mesg-admin/34e0a7e9-4e3a-4afc-9c93-75b24cd55660/u=3695931498,2381510501&fm=26&gp=0.jpg","phone":null,"username":"章红梅2","usercode":"e729e146-f249-42e1-960d-5c1f3f60bc9a","email":null,"fabname":null,"easemobname":"115201811061611139ftrmgurx","fabid":null,"level":null,"compid":null,"portal":null},{"compname":null,"headimg":"https://oss.dacube.cn/mesg-admin/6ee0affa-666e-42d4-9bcd-e4bcd98a31b4/timg (1).gif","phone":null,"username":"石传慧","usercode":"1000111","email":null,"fabname":null,"easemobname":"413201811011711111fhwjhblc","fabid":null,"level":null,"compid":null,"portal":null},{"compname":null,"headimg":"https://pcctest.oss-cn-hangzhou.aliyuncs.com/1/fe3d2703-4df0-444d-b035-0e56f9101c32/2019-01-31-17:24:45","phone":null,"username":"鲍鑫","usercode":"a7aac738-6b66-490f-a989-6c83216ada9c","email":null,"fabname":null,"easemobname":"886201811011711121rvrbuuhx","fabid":null,"level":null,"compid":null,"portal":null}],"isorg":true,"istop":false,"owner":"115201811061611139ftrmgurx","no_disturb":false,"type":"group","mesg_type":"txt","unread":0,"payload":"{\"msg\":\"章红梅2,石传慧,鲍鑫 进入了群聊\",\"type\":\"txt\"}","isclose":null,"timestamp":"1551456088506","easemobname":null,"targetuser":"66921270673411","usereasemobname":"115201811061611139ftrmgurx","deletetime":null,"compid":null}],"msg":null}