{"status":true,"code":1,"result":{"usercode":"e729e146-f249-42e1-960d-5c1f3f60bc9a","phone":"18200000000","username":"章红梅2","email":"123@qq.com","ismen":null,"birthday":null,"userpwd":null,"createdata":1541494436000,"headimg":"https://oss.dacube.cn/mesg-admin/34e0a7e9-4e3a-4afc-9c93-75b24cd55660/u=3695931498,2381510501&fm=26&gp=0.jpg","updatedata":1541494436000,"isuse":"1","token":"b722ff2d-dfff-4aa5-8361-51af7c3ee5bc","compid":"1","isadmin":"0","roleList":null,"desc":null,"oreder":null},"errormsg":null,"timestamp":null}