{"status":true,"code":1,"result":[{"id":"100001","pid":"top-level","icon":"iconfont icon-square","path":"/home","label":"资讯","type":"MENU","children":[{"id":"200001","pid":"100001","icon":"","path":"/manageChannel","label":"频道管理","type":"MENU","children":[{"id":"300001","pid":"200001","icon":"","path":"/manageChannel/list","label":"频道列表","type":"MENU","children":[]},{"id":"300002","pid":"200001","icon":"","path":"/manageChannel/create","label":"新增频道","type":"MENU","children":[]}]},{"id":"200002","pid":"100001","icon":"","path":"/manageSlide","label":"轮播图管理","type":"MENU","children":[{"id":"300003","pid":"200002","icon":"","path":"/manageSlide/list","label":"轮播图列表","type":"MENU","children":[]},{"id":"300004","pid":"200002","icon":"","path":"/manageSlide/create","label":"新增轮播图","type":"MENU","children":[]}]},{"id":"200003","pid":"100001","icon":"","path":"/manageTopic","label":"专题管理","type":"MENU","children":[{"id":"300005","pid":"200003","icon":"","path":"/manageTopic/list","label":"专题列表","type":"MENU","children":[]},{"id":"300006","pid":"200003","icon":"","path":"/manageTopic/create","label":"新增专题","type":"MENU","children":[]}]},{"id":"200004","pid":"100001","icon":"","path":"/manageManuscript","label":"稿件管理","type":"MENU","children":[{"id":"300007","pid":"200004","icon":"","path":"/manageManuscript/list","label":"稿件列表","type":"MENU","children":[]}]}]},{"id":"100002","pid":"top-level","icon":"iconfont icon-live","path":"/subLive","label":"点播","type":"MENU","children":[{"id":"200005","pid":"100002","icon":"","path":"/subLive/list","label":"点播管理","type":"MENU","children":[]},{"id":"200006","pid":"100002","icon":"","path":"/subChannel/list","label":"频道管理","type":"MENU","children":[{"id":"300008","pid":"200006","icon":"","path":"/subChannel/list","label":"频道列表","type":"MENU","children":[]},{"id":"300009","pid":"200006","icon":"","path":"/subChannel/create","label":"频道新增","type":"MENU","children":[]}]}]},{"id":"100003","pid":"top-level","icon":"iconfont icon-camera","path":"/live","label":"直播","type":"MENU","children":[{"id":"200007","pid":"100003","icon":"","path":"/live/list","label":"直播列表","type":"MENU","children":[]},{"id":"200008","pid":"100003","icon":"","path":"/live/create","label":"直播新增","type":"MENU","children":[]}]},{"id":"100004","pid":"top-level","icon":"iconfont icon-tags","path":"/event","label":"服务","type":"MENU","children":[{"id":"200009","pid":"100004","icon":"","path":"/event/list","label":"服务列表","type":"MENU","children":[]},{"id":"200010","pid":"100004","icon":"","path":"/event/create","label":"服务新增","type":"MENU","children":[]},{"id":"200020","pid":"100004","icon":"","path":"/event/userEventList","label":"用户服务列表","type":"MENU","children":[]}]},{"id":"100005","pid":"top-level","icon":"iconfont icon-user","path":"/user","label":"用户管理","type":"MENU","children":[{"id":"200011","pid":"100005","icon":"","path":"/user/list","label":"用户列表","type":"MENU","children":[]}]},{"id":"100006","pid":"top-level","icon":"iconfont icon-comment","path":"/comment","label":"评论管理","type":"MENU","children":[{"id":"200012","pid":"100006","icon":"","path":"/comment/list","label":"评论列表","type":"MENU","children":[]},{"id":"200013","pid":"100006","icon":"","path":"/comment/limit","label":"禁言管理","type":"MENU","children":[]}]},{"id":"100007","pid":"top-level","icon":"iconfont icon-settings","path":"/manageSystemUser","label":"系统设置","type":"MENU","children":[{"id":"200014","pid":"100007","icon":"","path":"/manageSystemUser","label":"系统用户管理","type":"MENU","children":[]},{"id":"200015","pid":"100007","icon":"","path":"/manageRole","label":"角色管理","type":"MENU","children":[]},{"id":"200016","pid":"100007","icon":"","path":"/manageLog","label":"日志统计报表","type":"MENU","children":[]},{"id":"200017","pid":"100007","icon":"","path":"/manageStartpage","label":"启动页管理","type":"MENU","children":[{"id":"300010","pid":"200017","icon":"","path":"/manageStartpage/list","label":"启动页列表","type":"MENU","children":[]},{"id":"300011","pid":"200017","icon":"","path":"/manageStartpage/create","label":"新增启动页","type":"MENU","children":[]}]},{"id":"200018","pid":"100007","icon":"","path":"/manageBasis/basis","label":"基础配置管理","type":"MENU","children":[]},{"id":"200019","pid":"100007","icon":"","path":"/manageStartpage/innerAdverEdit","label":"内嵌广告管理","type":"MENU","children":[]}]}],"errormsg":null,"timestamp":null}