{"status":true,"code":1,"result":{"pageNum":1,"pageSize":10,"total":2765,"pages":277,"list":[{"logid":"1113459533495140352","usercode":"a7aac738-6b66-490f-a989-6c83216ada9c","operationContent":"全媒体资源库推送稿件【昨夜无眠！四川凉山州人民自发走上街头 泪别救火英雄】","ipAddress":"10.42.177.40","createtime":1554304415000,"deleteflag":false,"compid":"1","request_url":"http://10.42.245.86:8080/manager/ReceiveMRP/receiveArticle","request_params":"{\"usercode\":\"a7aac738-6b66-490f-a989-6c83216ada9c\",\"compid\":\"1\",\"token\":\"5bb0cd7a-ad3f-442f-816c-e61572240a71\",\"article\":{\"articleid\":\"e263c66c-1182-4eb0-b34b-65880dee040e\",\"title\":\"昨夜无眠！四川凉山州人民自发走上街头 泪别救火英雄\",\"author\":\"龙胡元\",\"editor\":\"\",\"cover_photo\":\"https://pcccenter.oss-cn-qingdao.aliyuncs.com/App_Manage_Sv_4j/images/11de4d2c-16e7-4364-8137-d8fea52d4740.jpg|https://pcccenter.oss-cn-qingdao.aliyuncs.com/App_Manage_Sv_4j/images/b88e67b3-5e22-4a58-96b8-4df52b005ea5.jpg\",\"digest\":\"\",\"content\":\"<p style=\\\"text-indent:2em;text-align:left;margin-bottom:20px;padding: 0px;  \\\">3月30日18时许，四川省凉山州木里县雅砻江镇立尔村发生森林火灾，当地迅速组织力量赶赴火场扑救。4月1日晚，30名失联扑火队员遗体全部找到。</p><p style=\\\"text-indent:2em;text-align:left;margin-bottom:20px;padding: 0px;  \\\">4月2日早晨最新消息，凉山火场基本得到控制。</p><p style=\\\"text-indent:2em;text-align:left;margin-bottom:20px;padding: 0px;  \\\">30名失联扑火人员遗体全部找到</p><p style=\\\"text-indent:2em;text-align:left;margin-bottom:20px;padding: 0px;  \\\">据应急管理部消息，经全力搜救，截至1日18时30分 ，在四川省凉山州木里县森林火灾灭火中失联的30名扑火人员的遗体已全部找到，包括27名森林消防员和3名地方扑火人员。</p><p style=\\\"text-indent:2em;text-align:left;margin-bottom:20px;padding: 0px;  \\\">19时左右，在此次森林火灾中遇难的30名扑火人员遗体，从扑火现场被转运至立尔村。</p><p style=\\\"text-indent:2em;text-align:left;margin-bottom:20px;padding: 0px;  \\\">四川省委省政府和应急管理部正全力指导开展火灾扑救、牺牲人员遗体辨认、家属慰问抚恤等工作。</p><p style=\\\"text-indent:2em;text-align:left;margin-bottom:20px;padding: 0px;  \\\"><img src=\\\"https://pcccenter.oss-cn-qingdao.aliyuncs.com/App_Manage_Sv_4j/images/11de4d2c-16e7-4364-8137-d8fea52d4740.jpg\\\" style=\\\"padding: 0px; margin-top: 0.15rem; margin-bottom: 0px; max-width: 100%;\\\"/></p><p style=\\\"text-indent:2em;text-align:left;margin-bottom:20px;padding: 0px;  \\\">木里县林业局局长杨达瓦、川林五处职工邹平</p><p style=\\\"text-indent:2em;text-align:left;margin-bottom:20px;padding: 0px;  \\\">确认在火场救火中遇难</p><p style=\\\"text-indent:2em;text-align:left;margin-bottom:20px;padding: 0px;  \\\">4月1日晚，记者从省林业和草原局等部门获悉，凉山州木里县林业局局长杨达瓦在这次火灾中遇难。同时遇难的一位林业职工，为四川省林业第五筑路工程处职工邹平。</p><p style=\\\"text-indent:2em;text-align:left;margin-bottom:20px;padding: 0px;  \\\">3月30日下午，杨达瓦带人前往发生火灾的山上，指导扑救工作。</p><p style=\\\"text-indent:2em;text-align:left;margin-bottom:20px;padding: 0px;  \\\">杨达瓦今年45岁，在林业局工作了两年。</p><p style=\\\"text-indent:2em;text-align:left;margin-bottom:20px;padding: 0px;  \\\">凉山人民自发送别救火英雄</p><p style=\\\"text-indent:2em;text-align:left;margin-bottom:20px;padding: 0px;  \\\">4月2日凌晨1时20分，载有木里森林火灾救火英雄遗体的车队抵达西昌。</p><p style=\\\"text-indent:2em;text-align:left;margin-bottom:20px;padding: 0px;  \\\">道路两旁，站满了前来送别救火英雄的凉山人民，“一路走好！”</p><p style=\\\"text-indent:2em;text-align:left;margin-bottom:20px;padding: 0px;  \\\"><img src=\\\"https://pcccenter.oss-cn-qingdao.aliyuncs.com/App_Manage_Sv_4j/images/b88e67b3-5e22-4a58-96b8-4df52b005ea5.jpg\\\" style=\\\"padding: 0px; margin-top: 0.15rem; margin-bottom: 0px; max-width: 100%;\\\"/></p><p style=\\\"text-indent:2em;text-align:left;margin-bottom:20px;padding: 0px;  \\\">2日凌晨，在西昌市区通往殡仪馆的路上，群众自发走上街头，手持菊花守候在街道两旁，等待着在火灾中牺牲的救火英雄归来。</p><p style=\\\"text-indent:2em;text-align:left;margin-bottom:20px;padding: 0px;  \\\"><br/></p>\",\"article_url\":null,\"count_play\":null,\"state\":0,\"top\":false,\"createtime\":1554304414514,\"updatetime\":1554304414514,\"deleteflag\":false,\"from_source\":\"MRP\",\"from_articleid\":\"9dbe5b54-7962-4bd2-9033-231f6aa6a249\",\"allow_comment\":true,\"allow_share\":true,\"allow_like\":true,\"allow_collect\":true,\"compid\":\"1\",\"articleChannelList\":null,\"articleSpecialList\":null,\"likeNumber\":null,\"commentNumber\":null,\"articleChannelIdList\":[\"c9a5d0cd-bfc5-4072-b82f-8f7cd4325466\"],\"articleSpecialIdList\":[],\"cover_photoList\":[\"https://pcctest.oss-cn-hangzhou.aliyuncs.com/media_resource_repository/anonymous_folder/articles/1/9dbe5b54-7962-4bd2-9033-231f6aa6a249/1634496563045550276.jpg_1554283021352_NDWFRD.jpg\",\"https://pcctest.oss-cn-hangzhou.aliyuncs.com/media_resource_repository/anonymous_folder/articles/1/9dbe5b54-7962-4bd2-9033-231f6aa6a249/1882096553270004332.jpg_1554283021311_Jgvlvb.jpg\"],\"whetherLike\":null,\"whetherCollect\":null,\"desc\":null,\"oreder\":null}}","username":"鲍鑫","desc":null,"oreder":null},{"logid":"1113457068456542208","usercode":"a7aac738-6b66-490f-a989-6c83216ada9c","operationContent":"全媒体资源库推送稿件【安徒生童话是毒草？别用成人焦虑替代儿童视角】","ipAddress":"10.42.177.40","createtime":1554303827000,"deleteflag":false,"compid":"1","request_url":"http://10.42.245.86:8080/manager/ReceiveMRP/receiveArticle","request_params":"{\"usercode\":\"a7aac738-6b66-490f-a989-6c83216ada9c\",\"compid\":\"1\",\"token\":\"5bb0cd7a-ad3f-442f-816c-e61572240a71\",\"article\":{\"articleid\":\"2bed31f2-57f7-4af6-9109-b64616417cf7\",\"title\":\"安徒生童话是毒草？别用成人焦虑替代儿童视角\",\"author\":\"鲍鑫\",\"editor\":\"\",\"cover_photo\":null,\"digest\":\"\",\"content\":\"<p style=\\\"margin-top: 25px; margin-bottom: 25px; padding: 0px; font-variant-numeric: normal; font-variant-east-asian: normal; font-stretch: normal; font-size: 18px; line-height: 32.4px; font-family: &quot;Microsoft Yahei&quot;; color: rgb(34, 34, 34); white-space: normal;\\\">　近日，有网友在微博上说，她从来不给女儿讲《海的女儿》这种“经典童话”，认为这个童话有矮化女性的倾向。同时，她否定了所有皆大欢喜的王子公主式童话，认为它们不适合讲给女孩听。(《新京报》3月31日)</p><p style=\\\"margin-top: 25px; margin-bottom: 25px; padding: 0px; font-variant-numeric: normal; font-variant-east-asian: normal; font-stretch: normal; font-size: 18px; line-height: 32.4px; font-family: &quot;Microsoft Yahei&quot;; color: rgb(34, 34, 34); white-space: normal;\\\">　　由于受教育背景、生活经历和文化格调、审美品位的不同，往往会导致人们对同一事物呈现出不同的态度和立场。那种认为“安徒生童话是毒草”的观念，看似有理有据、言之凿凿，实际上却误入歧途，用成人思维来解读了童话这一特殊的文学作品。</p><p style=\\\"margin-top: 25px; margin-bottom: 25px; padding: 0px; font-variant-numeric: normal; font-variant-east-asian: normal; font-stretch: normal; font-size: 18px; line-height: 32.4px; font-family: &quot;Microsoft Yahei&quot;; color: rgb(34, 34, 34); white-space: normal;\\\">　　人性充满善恶美丑，现实往往比童话更难以让人琢磨。对于那些社会化不足、认知能力和接受水平有限的孩子们来说，童话只能删繁就简，以文学的方式来呈现人类命运和人类精神的碎片，在潜移默化中教育孩子形成简单而基本的是非判断能力。对于成年人来说，童话背后的“精神之美”或许有许多的不足，但对于孩子们来说，童话教育却是他们从幼稚走向成熟的必经道路。</p><p style=\\\"margin-top: 25px; margin-bottom: 25px; padding: 0px; font-variant-numeric: normal; font-variant-east-asian: normal; font-stretch: normal; font-size: 18px; line-height: 32.4px; font-family: &quot;Microsoft Yahei&quot;; color: rgb(34, 34, 34); white-space: normal;\\\">　　那种认为“安徒生童话是毒草”的说法，“问题意识”有余，却少了“过程意识”。安徒生童话动辄得咎，遭遇形形色色的污名化——《丑小鸭》宣扬了“出身论”和“血统论”，《爱的女儿》矮化了女性、背离了性别平等。在公众权利意识不断高涨的今天，“安徒生童话是毒草”见证了一些人的紧张与焦虑。</p><p style=\\\"margin-top: 25px; margin-bottom: 25px; padding: 0px; font-variant-numeric: normal; font-variant-east-asian: normal; font-stretch: normal; font-size: 18px; line-height: 32.4px; font-family: &quot;Microsoft Yahei&quot;; color: rgb(34, 34, 34); white-space: normal;\\\">　　一些家长之所以对《安徒生童话》保持警惕，就在于他们担心孩子沉迷于童话建构的虚幻、完美的“想象世界”，失去了自力更生、自强自立的精神之“钙”。那些被焦虑裹挟的家长，总是千方百计地去激励与鞭策孩子；当童话不能满足他们这些需求的时候，自然会对《安徒生童话》提出批评与质疑。</p><p style=\\\"margin-top: 25px; margin-bottom: 25px; padding: 0px; font-variant-numeric: normal; font-variant-east-asian: normal; font-stretch: normal; font-size: 18px; line-height: 32.4px; font-family: &quot;Microsoft Yahei&quot;; color: rgb(34, 34, 34); white-space: normal;\\\">　　法国思想家卢梭认为，“在人生的秩序中，儿童有它的地位，应当把成人看作成人，把孩子看作孩子”。 那些认为“安徒生童话是毒草”的家长，用成人眼光打量童话，显然并不合适；经过简化、美化的童话固然有一些不完美的地方，却能够对儿童进行基本的美育与德育，丰盈他们的精神世界。</p><p style=\\\"margin-top: 25px; margin-bottom: 25px; padding: 0px; font-variant-numeric: normal; font-variant-east-asian: normal; font-stretch: normal; font-size: 18px; line-height: 32.4px; font-family: &quot;Microsoft Yahei&quot;; color: rgb(34, 34, 34); white-space: normal;\\\">　　随着儿童一天天长大、社会化历程不断丰富，他们的认知能力和接受复杂现实的水平也会逐渐提高。“童话教育”中的短板与不足，完全可以通过后期的学校教育和家庭教育来补齐。那种用成人思维替代儿童视角、对“童话教育”全盘否定的做法，显然经不起推敲。（杨朝清）</p>\",\"article_url\":null,\"count_play\":null,\"state\":0,\"top\":false,\"createtime\":1554303826783,\"updatetime\":1554303826783,\"deleteflag\":false,\"from_source\":\"MRP\",\"from_articleid\":\"f6c51ae7-2725-43d9-90c4-9b6a1e175ad2\",\"allow_comment\":true,\"allow_share\":true,\"allow_like\":true,\"allow_collect\":true,\"compid\":\"1\",\"articleChannelList\":null,\"articleSpecialList\":null,\"likeNumber\":null,\"commentNumber\":null,\"articleChannelIdList\":[\"c9a5d0cd-bfc5-4072-b82f-8f7cd4325466\"],\"articleSpecialIdList\":[],\"cover_photoList\":[],\"whetherLike\":null,\"whetherCollect\":null,\"desc\":null,\"oreder\":null}}","username":"鲍鑫","desc":null,"oreder":null},{"logid":"1113357082645495808","usercode":"6e1c3d1a-db6c-46aa-a41d-4785c898352a","operationContent":"停用频道【金融】","ipAddress":"58.16.181.55","createtime":1554279988000,"deleteflag":false,"compid":"1","request_url":"http://10.42.245.86:8080/manager/Channel/updateState","request_params":"{\"usercode\":\"6e1c3d1a-db6c-46aa-a41d-4785c898352a\",\"compid\":\"1\",\"token\":\"738c7129-ecfa-44de-9ca8-ad2d60c274e2\",\"channel\":{\"channelid\":\"de830bf4-364c-4e62-b4ea-ff9f6e09d3ae\",\"parent_channelid\":null,\"channel_name\":null,\"channel_typeid\":null,\"channel_type_name\":null,\"icon_url\":null,\"state\":0,\"description\":null,\"fixed\":null,\"sort\":null,\"createtime\":null,\"updatetime\":1554279988330,\"deleteflag\":null,\"compid\":null,\"children\":null,\"parent_channel_name\":null,\"countChildren\":null,\"desc\":null,\"oreder\":null}}","username":"陈昌鸿","desc":null,"oreder":null},{"logid":"1113356717447446528","usercode":"6e1c3d1a-db6c-46aa-a41d-4785c898352a","operationContent":"启用频道【金融】","ipAddress":"58.16.181.55","createtime":1554279901000,"deleteflag":false,"compid":"1","request_url":"http://10.42.245.86:8080/manager/Channel/updateState","request_params":"{\"usercode\":\"6e1c3d1a-db6c-46aa-a41d-4785c898352a\",\"compid\":\"1\",\"token\":\"738c7129-ecfa-44de-9ca8-ad2d60c274e2\",\"channel\":{\"channelid\":\"de830bf4-364c-4e62-b4ea-ff9f6e09d3ae\",\"parent_channelid\":null,\"channel_name\":null,\"channel_typeid\":null,\"channel_type_name\":null,\"icon_url\":null,\"state\":1,\"description\":null,\"fixed\":null,\"sort\":null,\"createtime\":null,\"updatetime\":1554279901256,\"deleteflag\":null,\"compid\":null,\"children\":null,\"parent_channel_name\":null,\"countChildren\":null,\"desc\":null,\"oreder\":null}}","username":"陈昌鸿","desc":null,"oreder":null},{"logid":"1113356541303455744","usercode":"6e1c3d1a-db6c-46aa-a41d-4785c898352a","operationContent":"停用频道【金融】","ipAddress":"58.16.181.55","createtime":1554279859000,"deleteflag":false,"compid":"1","request_url":"http://10.42.245.86:8080/manager/Channel/updateState","request_params":"{\"usercode\":\"6e1c3d1a-db6c-46aa-a41d-4785c898352a\",\"compid\":\"1\",\"token\":\"738c7129-ecfa-44de-9ca8-ad2d60c274e2\",\"channel\":{\"channelid\":\"de830bf4-364c-4e62-b4ea-ff9f6e09d3ae\",\"parent_channelid\":null,\"channel_name\":null,\"channel_typeid\":null,\"channel_type_name\":null,\"icon_url\":null,\"state\":0,\"description\":null,\"fixed\":null,\"sort\":null,\"createtime\":null,\"updatetime\":1554279859264,\"deleteflag\":null,\"compid\":null,\"children\":null,\"parent_channel_name\":null,\"countChildren\":null,\"desc\":null,\"oreder\":null}}","username":"陈昌鸿","desc":null,"oreder":null},{"logid":"1113356168744402944","usercode":"6e1c3d1a-db6c-46aa-a41d-4785c898352a","operationContent":"启用频道【能源】","ipAddress":"58.16.181.55","createtime":1554279770000,"deleteflag":false,"compid":"1","request_url":"http://10.42.245.86:8080/manager/Channel/updateState","request_params":"{\"usercode\":\"6e1c3d1a-db6c-46aa-a41d-4785c898352a\",\"compid\":\"1\",\"token\":\"d185431f-3866-483c-ba62-8a87ca59fff2\",\"channel\":{\"channelid\":\"1c851a5c-0701-4ff1-8f0b-851cc43cf23b\",\"parent_channelid\":null,\"channel_name\":null,\"channel_typeid\":null,\"channel_type_name\":null,\"icon_url\":null,\"state\":1,\"description\":null,\"fixed\":null,\"sort\":null,\"createtime\":null,\"updatetime\":1554279770438,\"deleteflag\":null,\"compid\":null,\"children\":null,\"parent_channel_name\":null,\"countChildren\":null,\"desc\":null,\"oreder\":null}}","username":"陈昌鸿","desc":null,"oreder":null},{"logid":"1113356110133198848","usercode":"6e1c3d1a-db6c-46aa-a41d-4785c898352a","operationContent":"停用频道【能源】","ipAddress":"58.16.181.55","createtime":1554279756000,"deleteflag":false,"compid":"1","request_url":"http://10.42.245.86:8080/manager/Channel/updateState","request_params":"{\"usercode\":\"6e1c3d1a-db6c-46aa-a41d-4785c898352a\",\"compid\":\"1\",\"token\":\"d185431f-3866-483c-ba62-8a87ca59fff2\",\"channel\":{\"channelid\":\"1c851a5c-0701-4ff1-8f0b-851cc43cf23b\",\"parent_channelid\":null,\"channel_name\":null,\"channel_typeid\":null,\"channel_type_name\":null,\"icon_url\":null,\"state\":0,\"description\":null,\"fixed\":null,\"sort\":null,\"createtime\":null,\"updatetime\":1554279756464,\"deleteflag\":null,\"compid\":null,\"children\":null,\"parent_channel_name\":null,\"countChildren\":null,\"desc\":null,\"oreder\":null}}","username":"陈昌鸿","desc":null,"oreder":null},{"logid":"1113355680657440768","usercode":"6e1c3d1a-db6c-46aa-a41d-4785c898352a","operationContent":"启用频道【能源】","ipAddress":"58.16.181.55","createtime":1554279654000,"deleteflag":false,"compid":"1","request_url":"http://10.42.245.86:8080/manager/Channel/updateState","request_params":"{\"usercode\":\"6e1c3d1a-db6c-46aa-a41d-4785c898352a\",\"compid\":\"1\",\"token\":\"d185431f-3866-483c-ba62-8a87ca59fff2\",\"channel\":{\"channelid\":\"1c851a5c-0701-4ff1-8f0b-851cc43cf23b\",\"parent_channelid\":null,\"channel_name\":null,\"channel_typeid\":null,\"channel_type_name\":null,\"icon_url\":null,\"state\":1,\"description\":null,\"fixed\":null,\"sort\":null,\"createtime\":null,\"updatetime\":1554279654071,\"deleteflag\":null,\"compid\":null,\"children\":null,\"parent_channel_name\":null,\"countChildren\":null,\"desc\":null,\"oreder\":null}}","username":"陈昌鸿","desc":null,"oreder":null},{"logid":"1113355539368116224","usercode":"6e1c3d1a-db6c-46aa-a41d-4785c898352a","operationContent":"停用频道【能源】","ipAddress":"58.16.181.55","createtime":1554279620000,"deleteflag":false,"compid":"1","request_url":"http://10.42.245.86:8080/manager/Channel/updateState","request_params":"{\"usercode\":\"6e1c3d1a-db6c-46aa-a41d-4785c898352a\",\"compid\":\"1\",\"token\":\"d185431f-3866-483c-ba62-8a87ca59fff2\",\"channel\":{\"channelid\":\"1c851a5c-0701-4ff1-8f0b-851cc43cf23b\",\"parent_channelid\":null,\"channel_name\":null,\"channel_typeid\":null,\"channel_type_name\":null,\"icon_url\":null,\"state\":0,\"description\":null,\"fixed\":null,\"sort\":null,\"createtime\":null,\"updatetime\":1554279620384,\"deleteflag\":null,\"compid\":null,\"children\":null,\"parent_channel_name\":null,\"countChildren\":null,\"desc\":null,\"oreder\":null}}","username":"陈昌鸿","desc":null,"oreder":null},{"logid":"1113355168616808448","usercode":"6e1c3d1a-db6c-46aa-a41d-4785c898352a","operationContent":"启用频道【金融】","ipAddress":"58.16.181.55","createtime":1554279532000,"deleteflag":false,"compid":"1","request_url":"http://10.42.245.86:8080/manager/Channel/updateState","request_params":"{\"usercode\":\"6e1c3d1a-db6c-46aa-a41d-4785c898352a\",\"compid\":\"1\",\"token\":\"d185431f-3866-483c-ba62-8a87ca59fff2\",\"channel\":{\"channelid\":\"de830bf4-364c-4e62-b4ea-ff9f6e09d3ae\",\"parent_channelid\":null,\"channel_name\":null,\"channel_typeid\":null,\"channel_type_name\":null,\"icon_url\":null,\"state\":1,\"description\":null,\"fixed\":null,\"sort\":null,\"createtime\":null,\"updatetime\":1554279531991,\"deleteflag\":null,\"compid\":null,\"children\":null,\"parent_channel_name\":null,\"countChildren\":null,\"desc\":null,\"oreder\":null}}","username":"陈昌鸿","desc":null,"oreder":null}],"isFirstPage":true,"isLastPage":false},"errormsg":null,"timestamp":null}