{"status":true,"code":1,"result":{"pageNum":1,"pageSize":10,"total":15,"pages":2,"list":[{"channelid":"64281bc5-6bc4-4c95-87af-a594ffb0cd8d","parent_channelid":null,"channel_name":"看世界","channel_typeid":"4","channel_type_name":"旅游","icon_url":"http://pcccenter.oss-cn-qingdao.aliyuncs.com/App_Manage_Sv_4j/images/3f54309c-21c4-4c77-abe0-1023ff98f8af.jpg","state":1,"description":"观山湖风景频道","fixed":true,"sort":1,"createtime":1553152060000,"updatetime":1553152060000,"deleteflag":false,"compid":"1","children":null,"parent_channel_name":null,"countChildren":null,"desc":null,"oreder":null},{"channelid":"de830bf4-364c-4e62-b4ea-ff9f6e09d3ae","parent_channelid":null,"channel_name":"金融","channel_typeid":"2","channel_type_name":"时事","icon_url":"/static/img/moren.jpg","state":0,"description":"观山湖金融频道","fixed":true,"sort":2,"createtime":1553152184000,"updatetime":1554279988000,"deleteflag":false,"compid":"1","children":null,"parent_channel_name":null,"countChildren":null,"desc":null,"oreder":null},{"channelid":"e0c9d084-9008-4fa9-80f2-cbc569ca3b06","parent_channelid":null,"channel_name":"智慧城市","channel_typeid":"2","channel_type_name":"时事","icon_url":"/static/img/moren.jpg","state":1,"description":"观山湖城市介绍","fixed":true,"sort":3,"createtime":1553152344000,"updatetime":1553154011000,"deleteflag":false,"compid":"1","children":null,"parent_channel_name":null,"countChildren":null,"desc":null,"oreder":null},{"channelid":"1c851a5c-0701-4ff1-8f0b-851cc43cf23b","parent_channelid":null,"channel_name":"能源","channel_typeid":"2","channel_type_name":"时事","icon_url":"/static/img/moren.jpg","state":1,"description":"能源频道","fixed":true,"sort":4,"createtime":1553153659000,"updatetime":1554279770000,"deleteflag":false,"compid":"1","children":null,"parent_channel_name":null,"countChildren":null,"desc":null,"oreder":null},{"channelid":"1cb1477b-6cfa-4cdb-a1f5-236f16514ba8","parent_channelid":null,"channel_name":"三农","channel_typeid":"3","channel_type_name":"扶贫","icon_url":"/static/img/moren.jpg","state":1,"description":"农民服务问题","fixed":true,"sort":5,"createtime":1553154081000,"updatetime":1553154081000,"deleteflag":false,"compid":"1","children":null,"parent_channel_name":null,"countChildren":null,"desc":null,"oreder":null},{"channelid":"fcc3c09f-6cd9-4021-a2fc-e571bb727796","parent_channelid":null,"channel_name":"医疗健康","channel_typeid":"2","channel_type_name":"时事","icon_url":"/static/img/moren.jpg","state":1,"description":"医疗问题","fixed":false,"sort":1,"createtime":1553153510000,"updatetime":1553153510000,"deleteflag":false,"compid":"1","children":null,"parent_channel_name":null,"countChildren":null,"desc":null,"oreder":null},{"channelid":"1931ac56-780e-4cbf-843e-6cd7ea7407ff","parent_channelid":"64281bc5-6bc4-4c95-87af-a594ffb0cd8d","channel_name":"滨湖在线","channel_typeid":"4","channel_type_name":"旅游","icon_url":"/static/img/moren.jpg","state":1,"description":"滨湖风景介绍","fixed":false,"sort":1,"createtime":1553152121000,"updatetime":1553152121000,"deleteflag":false,"compid":"1","children":null,"parent_channel_name":"看世界","countChildren":null,"desc":null,"oreder":null},{"channelid":"1639f1d4-682e-4181-8576-259303a0d802","parent_channelid":null,"channel_name":"文化艺术","channel_typeid":"1","channel_type_name":"文娱","icon_url":"/static/img/moren.jpg","state":1,"description":"","fixed":false,"sort":2,"createtime":1553154118000,"updatetime":1553154118000,"deleteflag":false,"compid":"1","children":null,"parent_channel_name":null,"countChildren":null,"desc":null,"oreder":null},{"channelid":"252912cb-f6a3-466a-9384-1c8e69f304ab","parent_channelid":null,"channel_name":"经济论坛","channel_typeid":"2","channel_type_name":"时事","icon_url":"/static/img/moren.jpg","state":1,"description":"","fixed":false,"sort":3,"createtime":1553154145000,"updatetime":1553154145000,"deleteflag":false,"compid":"1","children":null,"parent_channel_name":null,"countChildren":null,"desc":null,"oreder":null},{"channelid":"a23c5cf0-4836-4453-8125-dadc41e615e9","parent_channelid":null,"channel_name":"数字中国","channel_typeid":"3","channel_type_name":"扶贫","icon_url":"/static/img/moren.jpg","state":1,"description":"","fixed":false,"sort":4,"createtime":1553154204000,"updatetime":1553154204000,"deleteflag":false,"compid":"1","children":null,"parent_channel_name":null,"countChildren":null,"desc":null,"oreder":null}],"isFirstPage":true,"isLastPage":false},"errormsg":null,"timestamp":null}