{"status":true,"code":1,"result":[{"channelid":"64281bc5-6bc4-4c95-87af-a594ffb0cd8d","channel_name":"看世界","specialList":null,"isChecked":null},{"channelid":"de830bf4-364c-4e62-b4ea-ff9f6e09d3ae","channel_name":"金融","specialList":null,"isChecked":null},{"channelid":"e0c9d084-9008-4fa9-80f2-cbc569ca3b06","channel_name":"智慧城市","specialList":null,"isChecked":null},{"channelid":"1c851a5c-0701-4ff1-8f0b-851cc43cf23b","channel_name":"能源","specialList":null,"isChecked":null},{"channelid":"1cb1477b-6cfa-4cdb-a1f5-236f16514ba8","channel_name":"三农","specialList":null,"isChecked":null},{"channelid":"fcc3c09f-6cd9-4021-a2fc-e571bb727796","channel_name":"医疗健康","specialList":null,"isChecked":null},{"channelid":"1639f1d4-682e-4181-8576-259303a0d802","channel_name":"文化艺术","specialList":null,"isChecked":null},{"channelid":"252912cb-f6a3-466a-9384-1c8e69f304ab","channel_name":"经济论坛","specialList":null,"isChecked":null},{"channelid":"a23c5cf0-4836-4453-8125-dadc41e615e9","channel_name":"数字中国","specialList":null,"isChecked":null},{"channelid":"6c34b96c-eda9-437f-8040-c958e7a522a9","channel_name":"环保","specialList":null,"isChecked":null},{"channelid":"4a59726d-264d-4f22-9aeb-da16856383de","channel_name":"汽车","specialList":null,"isChecked":null},{"channelid":"815580d1-c8b8-4bee-8aa5-45ad68a11698","channel_name":"房产","specialList":null,"isChecked":null},{"channelid":"5cfe9523-52eb-4861-afcf-0b3ddfae4768","channel_name":"教育","specialList":null,"isChecked":null},{"channelid":"c9a5d0cd-bfc5-4072-b82f-8f7cd4325466","channel_name":"TMT","specialList":null,"isChecked":null}],"errormsg":null,"timestamp":null}