{
  "FilterHeaders": [
    {
      "Header": "user-agent",
      "IncludeInScript": false
    },
    {
      "Header": "ua-cpu",
      "IncludeInScript": true
    },
    {
      "Header": "cache-control",
      "IncludeInScript": false
    },
    {
      "Header": "accept-language",
      "IncludeInScript": false
    },
    {
      "Header": "accept-encoding",
      "IncludeInScript": false
    },
    {
      "Header": "accept",
      "IncludeInScript": false
    }
  ],
  "FilterResources": [
    {
      "IsNonResource": true,
      "type": "text/xml"
    },
    {
      "IsNonResource": true,
      "type": "text/html"
    },
    {
      "IsNonResource": false,
      "type": "image/png"
    }
  ],
  "GeneralInfo": {
    "BrowserVersion": "",
    "IsWinInetMode": false,
    "MaxUsedConnections": 13,
    "RecordedBrowser": "Internet Explorer",
    "RecordingDate": "4��-04-2019",
    "RecordingDuration": 6641,
    "RecordingMode": "N/A",
    "RecordingTimeStamp": 1554343995,
    "RecordingType": "Proxy",
    "TotalBytesReceived": 15962,
    "TotalBytesSent": 6710,
    "TotalRequests": 13,
    "UserAgent": "Mozilla/5.0 (Windows NT 10.0; Win64; x64; Trident/7.0; rv:11.0) like Gecko"
  },
  "HostInfo": [
    {
      "DomainName": "microsoft.com",
      "Domains": [
        {
          "HTTPVersion": "HTTP/1.1",
          "IP": "168.63.244.178",
          "IncludeInScript": true,
          "Name": "urs.microsoft.com",
          "Port": 443,
          "Requests": [
            {
              "CompressionType": "",
              "DataType": "text/xml",
              "DownloadTime": 31,
              "EventId": 14606,
              "HttpStatus": 200,
              "Size": 14380,
              "URL": "https://urs.microsoft.com/urs.asmx?MSURS-Client-Key=IoaYouKwxGozmGmcsgG9Gw%3d%3d&MSURS-MAC=xX2D7XPi4A4%3d"
            },
            {
              "CompressionType": "",
              "DataType": "text/xml",
              "DownloadTime": 0,
              "EventId": 14601,
              "HttpStatus": 200,
              "Size": 51,
              "URL": "https://urs.microsoft.com/urs.asmx?MSURS-Client-Key=sUDUyOYMCmGs64OSQ2WD9A%3d%3d&MSURS-MAC=lQsuHclCGnM%3d"
            }
          ],
          "SSLCipher": "",
          "SSLVersion": "TLS1.2"
        },
        {
          "HTTPVersion": "HTTP/1.1",
          "IP": "168.63.244.178",
          "IncludeInScript": true,
          "Name": "t.urs.microsoft.com",
          "Port": 443,
          "Requests": [
            {
              "CompressionType": "",
              "DataType": "text/xml",
              "DownloadTime": 0,
              "EventId": 14611,
              "HttpStatus": 200,
              "Size": 1133,
              "URL": "https://t.urs.microsoft.com/urstelemetry.asmx?MSTel-Client-Key=EMw2FejYcigh/pwVwwsLIA%3d%3d&MSTel-MAC=z8PnSETwepE%3d"
            }
          ],
          "SSLCipher": "",
          "SSLVersion": "TLS1.2"
        }
      ],
      "IncludeInScript": true
    },
    {
      "DomainName": "dacube.com.cn",
      "Domains": [
        {
          "HTTPVersion": "HTTP/1.1",
          "IP": "139.9.5.231",
          "IncludeInScript": true,
          "Name": "4a.dacube.com.cn",
          "Port": 80,
          "Requests": [
            {
              "CompressionType": "",
              "DataType": "",
              "DownloadTime": 0,
              "EventId": 14597,
              "HttpStatus": 404,
              "Size": 0,
              "URL": "http://4a.dacube.com.cn/favicon.ico"
            },
            {
              "CompressionType": "",
              "DataType": "image/png",
              "DownloadTime": 16,
              "EventId": 14593,
              "HttpStatus": 200,
              "Size": 0,
              "URL": "http://4a.dacube.com.cn/samlidp/img/close2.png"
            },
            {
              "CompressionType": "",
              "DataType": "image/png",
              "DownloadTime": 0,
              "EventId": 14589,
              "HttpStatus": 200,
              "Size": 0,
              "URL": "http://4a.dacube.com.cn/samlidp/img/1.png"
            },
            {
              "CompressionType": "",
              "DataType": "image/png",
              "DownloadTime": 0,
              "EventId": 14585,
              "HttpStatus": 200,
              "Size": 0,
              "URL": "http://4a.dacube.com.cn/samlidp/img/close.png"
            },
            {
              "CompressionType": "",
              "DataType": "image/png",
              "DownloadTime": 0,
              "EventId": 14581,
              "HttpStatus": 200,
              "Size": 0,
              "URL": "http://4a.dacube.com.cn/samlidp/img/qrcode.png"
            },
            {
              "CompressionType": "",
              "DataType": "image/png",
              "DownloadTime": 0,
              "EventId": 14577,
              "HttpStatus": 200,
              "Size": 0,
              "URL": "http://4a.dacube.com.cn/samlidp/img/down.png"
            },
            {
              "CompressionType": "",
              "DataType": "image/png",
              "DownloadTime": 16,
              "EventId": 14573,
              "HttpStatus": 200,
              "Size": 0,
              "URL": "http://4a.dacube.com.cn/samlidp/img/userset.png"
            },
            {
              "CompressionType": "",
              "DataType": "image/png",
              "DownloadTime": 16,
              "EventId": 14569,
              "HttpStatus": 200,
              "Size": 0,
              "URL": "http://4a.dacube.com.cn/samlidp/img/pass.png"
            },
            {
              "CompressionType": "",
              "DataType": "image/png",
              "DownloadTime": 31,
              "EventId": 14565,
              "HttpStatus": 200,
              "Size": 0,
              "URL": "http://4a.dacube.com.cn/samlidp/img/user.png"
            },
            {
              "CompressionType": "",
              "DataType": "text/html",
              "DownloadTime": 16,
              "EventId": 14561,
              "HttpStatus": 200,
              "Size": 398,
              "URL": "http://4a.dacube.com.cn/samlidp/login.jsp"
            }
          ],
          "SSLCipher": "None",
          "SSLVersion": "None"
        }
      ],
      "IncludeInScript": true
    }
  ],
  "WebSocket": {
    "IncludeInScript": false,
    "IsScriptIncludeWebSocket": false
  },
  "NumberOfCorrelations": 0
}