<alerts version="1.0">
	<rule>
		<enabled>1</enabled>
		<name>Average DS Response Time</name>
		<view>SapTx_VirtualTx</view>
		<series>All</series>
		<condition>[avr_ds_time] &gt; [const_2_sec]</condition>
		<ismajor>1</ismajor>
		<context>3</context>
		<conditionmap>
			<exp>
				<id>avr_ds_time</id>
				<type>msr</type>
				<value>
					<name>Average Dialog Step Response Time</name>
					<deffile>SapTx_BD</deffile>
					<measurement>Server Response Time</measurement>
				</value>
			</exp>
			<exp>
				<id>const_2_sec</id>
				<type>const</type>
				<value>2</value>
				<units>sec</units>
			</exp>
		</conditionmap>
		<recommendation>Drill to dialog step component breakdown.</recommendation>
		<description>Average dialog step response time exceeded [const_2_sec] seconds.</description>
		<graph>SapTx_BD</graph>
	</rule>
	<rule>
		<enabled>1</enabled>
		<name>DB Time</name>
		<view>SapTx_DsCompBd</view>
		<series>Database Time</series>
		<condition>[db_time] * [sec_to_msec] &gt; [const_400_ms]</condition>
		<ismajor>1</ismajor>
		<context>3</context>
		<conditionmap>
			<exp>
				<id>db_time</id>
				<type>msr</type>
				<value>
					<name>Database time</name>
					<deffile>SapTx_DsCompBd</deffile>
					<measurement>Database Time</measurement>
				</value>
			</exp>
			<exp>
				<id>sec_to_msec</id>
				<type>const</type>
				<value>1000</value>
				<units></units>
			</exp>
			<exp>
				<id>const_400_ms</id>
				<type>const</type>
				<value>400</value>
				<units>msec</units>
			</exp>
		</conditionmap>
		<recommendation>Drill down to database breakdown.</recommendation>
		<description>Database time of single dialog step exceeded [const_400_ms] msec.</description>
		<graph>SapTx_DbBd</graph>
	</rule>
	<rule>
		<enabled>1</enabled>
		<name>App Time</name>
		<view>SapTx_DsCompBd</view>
		<series>Application Processing Time</series>
		<condition>[app_time] * [sec_to_msec] &gt; [const_400_ms]</condition>
		<ismajor>1</ismajor>
		<context>3</context>
		<conditionmap>
			<exp>
				<id>app_time</id>
				<type>msr</type>
				<value>
					<name>Application Processing Time</name>
					<deffile>SapTx_DsCompBd</deffile>
					<measurement>Application Processing Time</measurement>
				</value>
			</exp>
			<exp>
				<id>sec_to_msec</id>
				<type>const</type>
				<value>1000</value>
				<units></units>
			</exp>
			<exp>
				<id>const_400_ms</id>
				<type>const</type>
				<value>400</value>
				<units>msec</units>
			</exp>
		</conditionmap>
		<recommendation>Drill down to application breakdown.</recommendation>
		<description>App Processing time of single dialog step exceeded [const_400_ms] msec.</description>
		<graph>SapTx_AppBd</graph>
	</rule>
	<rule>
		<enabled>1</enabled>
		<name>Access Time Per Record</name>
		<view>SapTx_DbBd</view>
		<series>Access time to a record (milliseconds)</series>
		<condition>[time_per_record] &gt; [const_10_ms]</condition>
		<ismajor>0</ismajor>
		<context>3</context>
		<conditionmap>
			<exp>
				<id>time_per_record</id>
				<type>msr</type>
				<value>
					<name>Database time per record</name>
					<deffile>SapTx_DbBd</deffile>
					<measurement>Access time to a record (milliseconds)</measurement>
				</value>
			</exp>
			<exp>
				<id>const_10_ms</id>
				<type>const</type>
				<value>10</value>
				<units>msec</units>
			</exp>
		</conditionmap>
		<recommendation>Contact your DB administrator.</recommendation>
		<description>Average database access time exceeded [const_10_ms] msec.</description>
		<graph>SapTx_DbBd</graph>
	</rule>
	<rule>
		<enabled>1</enabled>
		<name>Records Per DS</name>
		<view>SapTx_DbBd</view>
		<series>Number of records accessed per dialog step</series>
		<condition>[records_per_DS] &gt; [const_500]</condition>
		<ismajor>0</ismajor>
		<context>3</context>
		<conditionmap>
			<exp>
				<id>records_per_DS</id>
				<type>msr</type>
				<value>
					<name>Records per Dialog Step</name>
					<deffile>SapTx_DbBd</deffile>
					<measurement>Number of records accessed per dialog step</measurement>
				</value>
			</exp>
			<exp>
				<id>const_500</id>
				<type>const</type>
				<value>500</value>
				<units></units>
			</exp>
		</conditionmap>
		<recommendation>Contact your DB administrator.</recommendation>
		<description>Average number of records per dialog step exceeded [const_500].</description>
		<graph>SapTx_DbBd</graph>
	</rule>
	<rule>
		<enabled>1</enabled>
		<name>ABAP and CPU times</name>
		<view>SapTx_AppBd</view>
		<series>ABAP Time</series>
		<condition>[abap_time] &gt; [cpu_time] * [const_2]</condition>
		<ismajor>0</ismajor>
		<context>3</context>
		<conditionmap>
			<exp>
				<id>abap_time</id>
				<type>msr</type>
				<value>
					<name>ABAP time</name>
					<deffile>SapTx_AppBd</deffile>
					<measurement>ABAP Time</measurement>
				</value>
			</exp>
			<exp>
				<id>cpu_time</id>
				<type>msr</type>
				<value>
					<name>CPU time</name>
					<deffile>SapTx_AppBd</deffile>
					<measurement>CPU Time</measurement>
				</value>
			</exp>
			<exp>
				<id>const_2</id>
				<type>const</type>
				<value>2</value>
				<units></units>
			</exp>
		</conditionmap>
		<recommendation>Contact your WAS administrator.</recommendation>
		<description>ABAP processing time is much greater than CPU time.</description>
		<graph>SapTx_AppBd</graph>
	</rule>
	<rule>
		<enabled>1</enabled>
		<name>System Time</name>
		<view>SapTx_DsCompBd</view>
		<series>System Time</series>
		<condition>[system_time] * [sec_to_msec] &gt; [const_150_ms]</condition>
		<ismajor>1</ismajor>
		<context>3</context>
		<conditionmap>
			<exp>
				<id>system_time</id>
				<type>msr</type>
				<value>
					<name>System Time</name>
					<deffile>SapTx_DsCompBd</deffile>
					<measurement>System Time</measurement>
				</value>
			</exp>
			<exp>
				<id>sec_to_msec</id>
				<type>const</type>
				<value>1000</value>
				<units></units>
			</exp>
			<exp>
				<id>const_150_ms</id>
				<type>const</type>
				<value>150</value>
				<units>msec</units>
			</exp>
		</conditionmap>
		<recommendation>Drill down to system breakdown.</recommendation>
		<description>System time of single dialog step exceeded [const_150_ms] msec.</description>
		<graph>SapTx_SystemBd</graph>
	</rule>
	<rule>
		<enabled>1</enabled>
		<name>Dispatcher Wait Time</name>
		<view>SapTx_SystemBd</view>
		<series>Dispatcher Wait Time</series>
		<condition>[dispatcher_time] * [sec_to_msec] &gt; [const_50_ms]</condition>
		<ismajor>0</ismajor>
		<context>3</context>
		<conditionmap>
			<exp>
				<id>dispatcher_time</id>
				<type>msr</type>
				<value>
					<name>Dispatcher Wait time</name>
					<deffile>SapTx_SystemBd</deffile>
					<measurement>Dispatcher Wait Time</measurement>
				</value>
			</exp>
			<exp>
				<id>sec_to_msec</id>
				<type>const</type>
				<value>1000</value>
				<units></units>
			</exp>
			<exp>
				<id>const_50_ms</id>
				<type>const</type>
				<value>50</value>
				<units>msec</units>
			</exp>
		</conditionmap>
		<recommendation>Check the status of work processes and contact your WAS administrator.</recommendation>
		<description>Dispatcher wait time exceeded [const_50_ms] msec.</description>
		<graph>SapTx_SystemBd</graph>
	</rule>
	<rule>
		<enabled>1</enabled>
		<name>Load And Generation Time</name>
		<view>SapTx_SystemBd</view>
		<series>Load + Generation Time</series>
		<condition>[load_gen_time] * [sec_to_msec] &gt; [const_50_ms]</condition>
		<ismajor>0</ismajor>
		<context>3</context>
		<conditionmap>
			<exp>
				<id>load_gen_time</id>
				<type>msr</type>
				<value>
					<name>Load + Generation Time</name>
					<deffile>SapTx_SystemBd</deffile>
					<measurement>Load + Generation Time</measurement>
				</value>
			</exp>
			<exp>
				<id>sec_to_msec</id>
				<type>const</type>
				<value>1000</value>
				<units></units>
			</exp>
			<exp>
				<id>const_50_ms</id>
				<type>const</type>
				<value>50</value>
				<units>msec</units>
			</exp>
		</conditionmap>
		<recommendation>Contact your WAS administrator.</recommendation>
		<description>Load and generation time exceeded [const_50_ms] msec.</description>
		<graph>SapTx_SystemBd</graph>
	</rule>
	<rule>
		<enabled>1</enabled>
		<name>Roll In Time</name>
		<view>SapTx_SystemBd</view>
		<series>Roll In Time</series>
		<condition>[roll_in_time] * [sec_to_msec] &gt; [const_20_ms]</condition>
		<ismajor>0</ismajor>
		<context>3</context>
		<conditionmap>
			<exp>
				<id>roll_in_time</id>
				<type>msr</type>
				<value>
					<name>Roll-in time</name>
					<deffile>SapTx_SystemBd</deffile>
					<measurement>Roll In Time</measurement>
				</value>
			</exp>
			<exp>
				<id>sec_to_msec</id>
				<type>const</type>
				<value>1000</value>
				<units></units>
			</exp>
			<exp>
				<id>const_20_ms</id>
				<type>const</type>
				<value>20</value>
				<units>msec</units>
			</exp>
		</conditionmap>
		<recommendation>Contact your WAS administrator.</recommendation>
		<description>Roll-in time exceeded [const_20_ms] msec.</description>
		<graph>SapTx_SystemBd</graph>
	</rule>
	<rule>
		<enabled>1</enabled>
		<name>Roll Out Time</name>
		<view>SapTx_SystemBd</view>
		<series>Roll Out Time</series>
		<condition>[roll_out_time] * [sec_to_msec] &gt; [const_20_ms]</condition>
		<ismajor>0</ismajor>
		<context>3</context>
		<conditionmap>
			<exp>
				<id>roll_out_time</id>
				<type>msr</type>
				<value>
					<name>Roll-out time</name>
					<deffile>SapTx_SystemBd</deffile>
					<measurement>Roll Out Time</measurement>
				</value>
			</exp>
			<exp>
				<id>sec_to_msec</id>
				<type>const</type>
				<value>1000</value>
				<units></units>
			</exp>
			<exp>
				<id>const_20_ms</id>
				<type>const</type>
				<value>20</value>
				<units>msec</units>
			</exp>
		</conditionmap>
		<recommendation>Contact your WAS administrator.</recommendation>
		<description>Roll-out time exceeded [const_20_ms] msec.</description>
		<graph>SapTx_SystemBd</graph>
	</rule>
	<rule>
		<enabled>1</enabled>
		<name>Interface Time</name>
		<view>SapTx_DsCompBd</view>
		<series>Interface Time</series>
		<condition>[interface_time] * [sec_to_msec] &gt; [const_200_ms]</condition>
		<ismajor>1</ismajor>
		<context>3</context>
		<conditionmap>
			<exp>
				<id>interface_time</id>
				<type>msr</type>
				<value>
					<name>Interface time</name>
					<deffile>SapTx_DsCompBd</deffile>
					<measurement>Interface Time</measurement>
				</value>
			</exp>
			<exp>
				<id>sec_to_msec</id>
				<type>const</type>
				<value>1000</value>
				<units></units>
			</exp>
			<exp>
				<id>const_200_ms</id>
				<type>const</type>
				<value>200</value>
				<units>msec</units>
			</exp>
		</conditionmap>
		<recommendation>Drill down to interface breakdown.</recommendation>
		<description>Roll wait time of single dialog step exceeded [const_200_ms] msec.</description>
		<graph>SapTx_InterfaceBd</graph>
	</rule>
	<rule>
		<enabled>1</enabled>
		<name>GUI Time</name>
		<view>SapTx_InterfaceBd</view>
		<series>GUI time</series>
		<condition>[gui_time] * [sec_to_msec] &gt; [const_200_ms]</condition>
		<ismajor>0</ismajor>
		<context>3</context>
		<conditionmap>
			<exp>
				<id>gui_time</id>
				<type>msr</type>
				<value>
					<name>GUI time</name>
					<deffile>SapTx_InterfaceBd</deffile>
					<measurement>GUI Time</measurement>
				</value>
			</exp>
			<exp>
				<id>sec_to_msec</id>
				<type>const</type>
				<value>1000</value>
				<units></units>
			</exp>
			<exp>
				<id>const_200_ms</id>
				<type>const</type>
				<value>200</value>
				<units>msec</units>
			</exp>
		</conditionmap>
		<recommendation>Contact your WAS administrator.</recommendation>
		<description>GUI time exceeded [const_200_ms] msec.</description>
		<graph>SapTx_InterfaceBd</graph>
	</rule>
	<rule>
		<enabled>1</enabled>
		<name>CPU utilization</name>
		<view>SapOSMonitor</view>
		<series>CPU utilization (%)</series>
		<condition>[cpu_util] &gt; [const_80_per]</condition>
		<ismajor>1</ismajor>
		<context>2</context>
		<conditionmap>
			<exp>
				<id>cpu_util</id>
				<type>msr</type>
				<value>
					<name>CPU utilization</name>
					<deffile>SapOSMonitor</deffile>
					<measurement>CPU utilization (%)</measurement>
				</value>
			</exp>
			<exp>
				<id>const_80_per</id>
				<type>const</type>
				<value>80</value>
				<units>percent</units>
			</exp>
		</conditionmap>
		<recommendation>Contact your WAS administrator.</recommendation>
		<description>CPU utilization exceeded [const_80_per]%.</description>
		<graph>SapOSMonitor</graph>
	</rule>
	<rule>
		<enabled>1</enabled>
		<name>Hard Disks utilization (%)</name>
		<view>SapOSMonitor</view>
		<series>Hard Disks utilization (%)</series>
		<condition>[hd_util] &gt; [const_50_per]</condition>
		<ismajor>0</ismajor>
		<context>2</context>
		<conditionmap>
			<exp>
				<id>hd_util</id>
				<type>msr</type>
				<value>
					<name>Hard Disks utilization</name>
					<deffile>SapOSMonitor</deffile>
					<measurement>Hard Disks utilization (%)</measurement>
				</value>
			</exp>
			<exp>
				<id>const_50_per</id>
				<type>const</type>
				<value>50</value>
				<units>percent</units>
			</exp>
		</conditionmap>
		<recommendation>Contact your WAS administrator.</recommendation>
		<description>Hard disk utilization exceeded [const_50_per]%.</description>
		<graph>SapOSMonitor</graph>
	</rule>
	<rule>
		<enabled>1</enabled>
		<name>Paging IN</name>
		<view>SapOSMonitor</view>
		<series>Kb Paged In / second</series>
		<condition>[paging_kb] / [page_size] &gt; [const_200]</condition>
		<ismajor>0</ismajor>
		<context>2</context>
		<conditionmap>
			<exp>
				<id>paging_kb</id>
				<type>msr</type>
				<value>
					<name>KB Paging in</name>
					<deffile>SapOSMonitor</deffile>
					<measurement>Kb Paged In / second</measurement>
				</value>
			</exp>
			<exp>
				<id>page_size</id>
				<type>const</type>
				<value>4</value>
				<units>(page size in KB)</units>
			</exp>
			<exp>
				<id>const_200</id>
				<type>const</type>
				<value>200</value>
				<units>pages/sec</units>
			</exp>
		</conditionmap>
		<recommendation>Contact your WAS administrator.</recommendation>
		<description>Paging-in rate exceeded [const_200] pages/second.</description>
		<graph>SapOSMonitor</graph>
	</rule>
	<rule>
		<enabled>1</enabled>
		<name>Paging OUT</name>
		<view>SapOSMonitor</view>
		<series>Kb Paged Out / second</series>
		<condition>[paging_kb] / [page_size] &gt; [const_200]</condition>
		<ismajor>0</ismajor>
		<context>2</context>
		<conditionmap>
			<exp>
				<id>paging_kb</id>
				<type>msr</type>
				<value>
					<name>KB Paging out</name>
					<deffile>SapOSMonitor</deffile>
					<measurement>Kb Paged Out / second</measurement>
				</value>
			</exp>
			<exp>
				<id>page_size</id>
				<type>const</type>
				<value>4</value>
				<units>(page size in KB)</units>
			</exp>
			<exp>
				<id>const_200</id>
				<type>const</type>
				<value>200</value>
				<units>pages/sec</units>
			</exp>
		</conditionmap>
		<recommendation>Contact your WAS administrator.</recommendation>
		<description>Paging-out rate exceeded [const_200] pages/second.</description>
		<graph>SapOSMonitor</graph>
	</rule>
	<rule>
		<enabled>1</enabled>
		<name>Waiting WP</name>
		<view>SapWPMonitor</view>
		<series>Waiting</series>
		<condition>[waiting_wp] &lt; [const_1]</condition>
		<ismajor>1</ismajor>
		<context>2</context>
		<conditionmap>
			<exp>
				<id>waiting_wp</id>
				<type>msr</type>
				<value>
					<name>Number of waiting Work processes</name>
					<deffile>SapWPMonitor</deffile>
					<measurement>Waiting</measurement>
				</value>
			</exp>
			<exp>
				<id>const_1</id>
				<type>const</type>
				<value>1</value>
				<units></units>
			</exp>
		</conditionmap>
		<recommendation>Contact your WAS administrator.</recommendation>
		<description>There are no work processes in the waiting state.</description>
		<graph>SapWPMonitor</graph>
	</rule>
	<rule>
		<enabled>1</enabled>
		<name>Stopped WP</name>
		<view>SapWPMonitor</view>
		<series>Stopped CPIC</series>
		<condition>[stopped_cpic] + [stopped_priv] + [stopped_other] &gt; [waiting_wp] + [running_wp] + [finished_wp]</condition>
		<ismajor>0</ismajor>
		<context>2</context>
		<conditionmap>
			<exp>
				<id>stopped_cpic</id>
				<type>msr</type>
				<value>
					<name>Number of stopped Work processes for CPIC</name>
					<deffile>SapWPMonitor</deffile>
					<measurement>Stopped CPIC</measurement>
				</value>
			</exp>
			<exp>
				<id>stopped_priv</id>
				<type>msr</type>
				<value>
					<name>Number of stopped Work processes in PRIV mode</name>
					<deffile>SapWPMonitor</deffile>
					<measurement>Stopped PRIV</measurement>
				</value>
			</exp>
			<exp>
				<id>stopped_other</id>
				<type>msr</type>
				<value>
					<name>Number of stopped Work processes for other reason</name>
					<deffile>SapWPMonitor</deffile>
					<measurement>Stopped Other</measurement>
				</value>
			</exp>
			<exp>
				<id>waiting_wp</id>
				<type>msr</type>
				<value>
					<name>Number of waiting Work processes</name>
					<deffile>SapWPMonitor</deffile>
					<measurement>Waiting</measurement>
				</value>
			</exp>
			<exp>
				<id>running_wp</id>
				<type>msr</type>
				<value>
					<name>Number of running Work processes</name>
					<deffile>SapWPMonitor</deffile>
					<measurement>Running</measurement>
				</value>
			</exp>
			<exp>
				<id>finished_wp</id>
				<type>msr</type>
				<value>
					<name>Number of finished Work processes</name>
					<deffile>SapWPMonitor</deffile>
					<measurement>Ended</measurement>
				</value>
			</exp>
		</conditionmap>
		<recommendation>Contact your WAS administrator.</recommendation>
		<description>Number of stopped work processes exceeded 50% of total number of work processes.</description>
		<graph>SapWPMonitor</graph>
	</rule>
</alerts>
