﻿<?xml version="1.0" encoding="utf-8"?>
<Rendering ColorLastId="101" SeriesLastId="34">
  <Colors>
    <Item id="64" position="64" value="339999" />
    <Item id="67" position="67" value="333399" />
    <Item id="72" position="72" value="00cc99" />
    <Item id="73" position="73" value="3366cc" />
    <Item id="63" position="63" value="6600ff" />
    <Item id="74" position="74" value="9933cc" />
    <Item id="69" position="69" value="3300ff" />
    <Item id="70" position="70" value="00ccff" />
    <Item id="71" position="71" value="00cccc" />
    <Item id="54" position="54" value="9999ff" />
    <Item id="55" position="55" value="9966cc" />
    <Item id="56" position="56" value="669900" />
    <Item id="51" position="51" value="99cccc" />
    <Item id="52" position="52" value="99cc99" />
    <Item id="53" position="53" value="99cc33" />
    <Item id="60" position="60" value="663333" />
    <Item id="61" position="61" value="663399" />
    <Item id="62" position="62" value="666600" />
    <Item id="57" position="57" value="66cc99" />
    <Item id="58" position="58" value="66ccff" />
    <Item id="59" position="59" value="660033" />
    <Item id="75" position="75" value="993366" />
    <Item id="91" position="91" value="ffcc99" />
    <Item id="92" position="92" value="ffcccc" />
    <Item id="93" position="93" value="ffcc00" />
    <Item id="88" position="88" value="9966ff" />
    <Item id="89" position="89" value="996699" />
    <Item id="90" position="90" value="cc3399" />
    <Item id="97" position="97" value="0033cc" />
    <Item id="98" position="98" value="00ffff" />
    <Item id="99" position="99" value="333300" />
    <Item id="94" position="94" value="ccffcc" />
    <Item id="95" position="95" value="999966" />
    <Item id="96" position="96" value="00ff99" />
    <Item id="79" position="79" value="ccff99" />
    <Item id="80" position="80" value="ccff66" />
    <Item id="81" position="81" value="ff9966" />
    <Item id="76" position="76" value="99cc00" />
    <Item id="77" position="77" value="9999cc" />
    <Item id="78" position="78" value="999900" />
    <Item id="85" position="85" value="6600cc" />
    <Item id="86" position="86" value="33ffcc" />
    <Item id="87" position="87" value="3399ff" />
    <Item id="82" position="82" value="66cc66" />
    <Item id="83" position="83" value="666699" />
    <Item id="84" position="84" value="6666cc" />
    <Item id="50" position="50" value="99ffff" />
    <Item id="16" position="16" value="000000" />
    <Item id="17" position="17" value="009999" />
    <Item id="18" position="18" value="999933" />
    <Item id="12" position="12" value="99cc66" />
    <Item id="14" position="14" value="999999" />
    <Item id="15" position="15" value="00cc00" />
    <Item id="22" position="22" value="ff9900" />
    <Item id="23" position="23" value="003366" />
    <Item id="24" position="24" value="cc00ff" />
    <Item id="19" position="19" value="ff3333" />
    <Item id="20" position="20" value="cccc33" />
    <Item id="21" position="21" value="99ccff" />
    <Item id="3" position="3" value="33ccff" />
    <Item id="4" position="4" value="990000" />
    <Item id="5" position="5" value="cccc99" />
    <Item id="13" position="13" value="6633ff" />
    <Item id="1" position="1" value="669933" />
    <Item id="2" position="2" value="6633cc" />
    <Item id="9" position="9" value="ccccff" />
    <Item id="10" position="101" value="ff9999" />
    <Item id="11" position="11" value="66ffff" />
    <Item id="6" position="6" value="336699" />
    <Item id="7" position="7" value="6699ff" />
    <Item id="8" position="8" value="66cccc" />
    <Item id="25" position="25" value="ff99cc" />
    <Item id="41" position="41" value="ccffff" />
    <Item id="42" position="42" value="ccff33" />
    <Item id="43" position="43" value="cccccc" />
    <Item id="38" position="38" value="ff99ff" />
    <Item id="39" position="39" value="ff6666" />
    <Item id="40" position="40" value="ff3366" />
    <Item id="47" position="47" value="cc9999" />
    <Item id="48" position="48" value="cc0066" />
    <Item id="49" position="49" value="99ffcc" />
    <Item id="44" position="44" value="cccc66" />
    <Item id="45" position="45" value="cc99ff" />
    <Item id="46" position="46" value="cc9966" />
    <Item id="29" position="29" value="cc6699" />
    <Item id="30" position="30" value="666666" />
    <Item id="31" position="31" value="660099" />
    <Item id="26" position="26" value="0066ff" />
    <Item id="27" position="27" value="006600" />
    <Item id="28" position="28" value="000099" />
    <Item id="35" position="35" value="ffffcc" />
    <Item id="36" position="36" value="ffccff" />
    <Item id="37" position="37" value="ffcc33" />
    <Item id="32" position="32" value="669999" />
    <Item id="33" position="33" value="666633" />
    <Item id="34" position="34" value="996666" />
	<Item id="101" position="10" value="ff3399" />
  </Colors>
  <Series>
    <Item id="0" token="FAIL" position="0" />
    <Item id="1" token="STOP" position="1" />
    <Item id="2" token="PASS" position="2" />
	<Item id="3" token="LOAD" position="4" />
    <Item id="4" token="READY" position="3" />
    <Item id="5" token="RUN" position="5" />
    <Item id="6" token="QUIT" position="6" />
    <Item id="7" token="ERROR" position="7" />
    <Item id="8" token="ABORT" position="8" />
    <Item id="9" token="DATABASE" position="9" />
    <Item id="10" token="DB.JDBC" position="10" />
    <Item id="11" token="SIEBELSERVER" position="11" />
    <Item id="12" token="SIEBEL SERVER" position="12" />
    <Item id="13" token="EJB.ENTITYBEAN" position="13" />
    <Item id="14" token="WEBSERVER" position="14" />
    <Item id="15" token="WEB SERVER" position="15" />
    <Item id="16" token="EJB.SESSIONBEAN" position="16" />
    <Item id="17" token="SARMIO" position="17" />
    <Item id="18" token="WEB.JSP" position="18" />
    <Item id="19" token="INFRA" position="19" />
    <Item id="20" token="WEB.SERVLET" position="20" />
    <Item id="21" token="WEB.STRUTS" position="21" />
    <Item id="22" token="DB" position="22" />
    <Item id="23" token="EJB" position="23" />
    <Item id="24" token="JNDI" position="24" />
    <Item id="25" token="WEB" position="25" />
    <Item id="26" token="DNS" position="26" />
    <Item id="27" token="CONNECTION" position="27" />
    <Item id="28" token="BUFFER" position="28" />
    <Item id="29" token="RECEIVE" position="29" />
    <Item id="30" token="SSL" position="30" />
    <Item id="31" token="FTP" position="31" />
    <Item id="32" token="NETWORK" position="32" />
    <Item id="33" token="SERVER" position="33" />
    <Item id="34" token="CLIENT" position="34" />
  </Series>
  <Relationships>
    <Relationship colorId="2" seriesId="0" position="0" />
	<Relationship colorId="26" seriesId="1" position="0" />
	<Relationship colorId="27" seriesId="2" position="0" />
	<Relationship colorId="27" seriesId="3" position="0" />
	<Relationship colorId="4" seriesId="4" position="0" />
	<Relationship colorId="27" seriesId="5" position="0" />
	<Relationship colorId="28" seriesId="6" position="0" />
	<Relationship colorId="2" seriesId="7" position="0" />
	<Relationship colorId="26" seriesId="8" position="0" />
	<Relationship colorId="101" seriesId="9" position="0" />
	<Relationship colorId="101" seriesId="10" position="0" />
	<Relationship colorId="1" seriesId="11" position="0" />
	<Relationship colorId="1" seriesId="12" position="0" />
	<Relationship colorId="1" seriesId="13" position="0" />
	<Relationship colorId="2" seriesId="14" position="0" />
	<Relationship colorId="2" seriesId="15" position="0" />
	<Relationship colorId="2" seriesId="16" position="0" />
	<Relationship colorId="3" seriesId="17" position="0" />
	<Relationship colorId="3" seriesId="18" position="0" />
	<Relationship colorId="4" seriesId="19" position="0" />
	<Relationship colorId="4" seriesId="20" position="0" />
	<Relationship colorId="5" seriesId="21" position="0" />
	<Relationship colorId="101" seriesId="22" position="0" />
	<Relationship colorId="1" seriesId="23" position="0" />
	<Relationship colorId="2" seriesId="24" position="0" />
	<Relationship colorId="3" seriesId="25" position="0" />
	<Relationship colorId="26" seriesId="26" position="0" />
	<Relationship colorId="23" seriesId="27" position="0" />
	<Relationship colorId="4" seriesId="28" position="0" />
	<Relationship colorId="18" seriesId="29" position="0" />
	<Relationship colorId="3" seriesId="30" position="0" />
	<Relationship colorId="1" seriesId="31" position="0" />
	<Relationship colorId="1" seriesId="32" position="0" />
	<Relationship colorId="4" seriesId="33" position="0" />
	<Relationship colorId="31" seriesId="34" position="0" />
  </Relationships>
</Rendering>